-- phpMyAdmin SQL Dump
-- version 4.5.1
-- http://www.phpmyadmin.net
--
-- Servidor: 127.0.0.1
-- Tiempo de generación: 07-06-2017 a las 16:43:03
-- Versión del servidor: 10.1.16-MariaDB
-- Versión de PHP: 5.5.38

SET SQL_MODE = "NO_AUTO_VALUE_ON_ZERO";
SET time_zone = "+00:00";


/*!40101 SET @OLD_CHARACTER_SET_CLIENT=@@CHARACTER_SET_CLIENT */;
/*!40101 SET @OLD_CHARACTER_SET_RESULTS=@@CHARACTER_SET_RESULTS */;
/*!40101 SET @OLD_COLLATION_CONNECTION=@@COLLATION_CONNECTION */;
/*!40101 SET NAMES utf8mb4 */;

--
-- Base de datos: `stock2017`
--

-- --------------------------------------------------------

--
-- Estructura de tabla para la tabla `detalle_ingreso`
--

CREATE TABLE `detalle_ingreso` (
  `deta_ingr_id` int(8) NOT NULL,
  `deta_ingr_cant` float(8,2) NOT NULL,
  `ingr_id` int(8) NOT NULL,
  `prod_id` int(8) NOT NULL
) ENGINE=MyISAM DEFAULT CHARSET=latin1;

--
-- Volcado de datos para la tabla `detalle_ingreso`
--

INSERT INTO `detalle_ingreso` (`deta_ingr_id`, `deta_ingr_cant`, `ingr_id`, `prod_id`) VALUES
(1, 5.00, 1, 38),
(2, 50.00, 1, 5);

-- --------------------------------------------------------

--
-- Estructura de tabla para la tabla `detalle_pedido`
--

CREATE TABLE `detalle_pedido` (
  `deta_pedi_id` int(8) NOT NULL,
  `deta_pedi_cant_pedi` float(8,2) NOT NULL,
  `deta_pedi_cant_acep` float(8,2) NOT NULL,
  `pedi_id` int(8) NOT NULL,
  `prod_id` int(8) NOT NULL
) ENGINE=MyISAM DEFAULT CHARSET=latin1;

--
-- Volcado de datos para la tabla `detalle_pedido`
--

INSERT INTO `detalle_pedido` (`deta_pedi_id`, `deta_pedi_cant_pedi`, `deta_pedi_cant_acep`, `pedi_id`, `prod_id`) VALUES
(3, 5.00, 5.00, 3, 1),
(5, 4.00, 4.00, 3, 3),
(6, 7.00, 7.00, 3, 4),
(7, 9.99, 9.99, 4, 3),
(8, 2.00, 2.00, 4, 7),
(10, 9.99, 9.99, 5, 2),
(14, 9.99, 9.99, 8, 5),
(15, 9.99, 9.99, 8, 3),
(16, 9.99, 9.99, 8, 7),
(17, 9.99, 9.99, 7, 8),
(18, 9.99, 9.99, 7, 16),
(20, 3.00, 3.00, 7, 26),
(26, 3000.00, 3000.00, 28, 38),
(27, 1.00, 1.00, 28, 34);

-- --------------------------------------------------------

--
-- Estructura de tabla para la tabla `detalle_permiso`
--

CREATE TABLE `detalle_permiso` (
  `perm_deta_id` int(8) NOT NULL,
  `luga_id` int(8) NOT NULL,
  `usua_id` int(8) NOT NULL,
  `tipo_perm_id` int(8) NOT NULL
) ENGINE=MyISAM DEFAULT CHARSET=latin1;

--
-- Volcado de datos para la tabla `detalle_permiso`
--

INSERT INTO `detalle_permiso` (`perm_deta_id`, `luga_id`, `usua_id`, `tipo_perm_id`) VALUES
(6, 4, 3, 1),
(7, 5, 3, 2),
(8, 6, 3, 2),
(9, 7, 3, 2),
(10, 8, 3, 2),
(11, 9, 3, 2),
(12, 4, 4, 1),
(13, 5, 4, 2),
(14, 6, 4, 2),
(15, 7, 4, 2),
(16, 8, 4, 2),
(17, 9, 4, 2),
(18, 4, 5, 1),
(19, 5, 5, 2),
(20, 6, 5, 2),
(21, 7, 5, 2),
(22, 8, 5, 2),
(23, 9, 5, 2),
(24, 5, 6, 2),
(25, 8, 7, 2),
(26, 6, 8, 2),
(27, 7, 9, 2),
(28, 9, 10, 2);

-- --------------------------------------------------------

--
-- Estructura de tabla para la tabla `estado_pedido`
--

CREATE TABLE `estado_pedido` (
  `esta_pedi_id` int(8) NOT NULL,
  `esta_pedi_nomb` varchar(50) NOT NULL
) ENGINE=MyISAM DEFAULT CHARSET=latin1;

--
-- Volcado de datos para la tabla `estado_pedido`
--

INSERT INTO `estado_pedido` (`esta_pedi_id`, `esta_pedi_nomb`) VALUES
(1, 'Realizado'),
(2, 'Rechazado'),
(3, 'Aceptado'),
(4, 'Entregado'),
(5, 'En Proceso'),
(6, 'Recibido ');

-- --------------------------------------------------------

--
-- Estructura de tabla para la tabla `ingreso`
--

CREATE TABLE `ingreso` (
  `ingr_id` int(8) NOT NULL,
  `ingr_nomb` varchar(50) NOT NULL,
  `ingr_fech` datetime NOT NULL,
  `usua_id` int(8) NOT NULL,
  `luga_id` int(8) NOT NULL
) ENGINE=MyISAM DEFAULT CHARSET=latin1;

--
-- Volcado de datos para la tabla `ingreso`
--

INSERT INTO `ingreso` (`ingr_id`, `ingr_nomb`, `ingr_fech`, `usua_id`, `luga_id`) VALUES
(4, 'ingreso', '2016-11-01 01:54:39', 1, 3),
(3, 'ejemplo', '2016-10-21 23:07:25', 1, 3),
(5, 'deposito ', '2016-12-21 13:32:58', 1, 3);

-- --------------------------------------------------------

--
-- Estructura de tabla para la tabla `lugar`
--

CREATE TABLE `lugar` (
  `luga_id` int(8) NOT NULL,
  `luga_nomb` varchar(50) NOT NULL,
  `luga_depo` tinyint(1) NOT NULL
) ENGINE=MyISAM DEFAULT CHARSET=latin1;

--
-- Volcado de datos para la tabla `lugar`
--

INSERT INTO `lugar` (`luga_id`, `luga_nomb`, `luga_depo`) VALUES
(4, 'Admin', 0),
(5, 'Nueve43', 0),
(6, 'La Estaciòn', 0),
(7, 'Plaza Mayor', 0),
(8, 'Howard Johnson', 0),
(9, 'Deposito La Estaciòn', 1);

-- --------------------------------------------------------

--
-- Estructura de tabla para la tabla `pedido`
--

CREATE TABLE `pedido` (
  `pedi_id` int(8) NOT NULL,
  `pedi_nomb` varchar(50) NOT NULL,
  `pedi_fech` datetime NOT NULL,
  `pedi_rest_fisi` tinyint(1) NOT NULL,
  `pedi_rest_disp` tinyint(1) NOT NULL,
  `pedi_sum_stock` tinyint(1) NOT NULL,
  `usua_id` int(8) NOT NULL,
  `luga_id` int(8) NOT NULL,
  `esta_pedi_id` int(8) NOT NULL
) ENGINE=MyISAM DEFAULT CHARSET=latin1;

--
-- Volcado de datos para la tabla `pedido`
--

INSERT INTO `pedido` (`pedi_id`, `pedi_nomb`, `pedi_fech`, `pedi_rest_fisi`, `pedi_rest_disp`, `pedi_sum_stock`, `usua_id`, `luga_id`, `esta_pedi_id`) VALUES
(30, 'mjose', '2016-12-05 15:09:32', 0, 0, 0, 6, 5, 5),
(28, 'kevin', '2016-11-04 01:25:14', 0, 0, 0, 7, 8, 5),
(15, 'howard', '2016-10-20 16:41:12', 0, 0, 0, 7, 8, 5),
(14, 'pedido', '2016-10-17 11:28:24', 0, 0, 0, 3, 5, 3);

-- --------------------------------------------------------

--
-- Estructura de tabla para la tabla `producto`
--

CREATE TABLE `producto` (
  `prod_id` int(8) NOT NULL,
  `prod_nomb` varchar(50) NOT NULL,
  `prod_cara` varchar(250) NOT NULL,
  `prod_cate_id` int(8) NOT NULL
) ENGINE=MyISAM DEFAULT CHARSET=latin1;

--
-- Volcado de datos para la tabla `producto`
--

INSERT INTO `producto` (`prod_id`, `prod_nomb`, `prod_cara`, `prod_cate_id`) VALUES
(3, 'Carre ternera (kg)', 'kilo', 1),
(4, 'Matambre cerdo (kg)', 'kilo', 1),
(17, 'Matambre ternera (kg)', 'kilo', 1),
(18, 'Lomo', 'kilos', 1),
(19, 'Porc lomos', 'unidad', 1),
(20, 'Molida', 'kilo', 1),
(21, 'Tapa de nalga', 'unidad', 1),
(22, 'Bife de nalga', 'unidad', 1),
(23, 'Milanesa', 'unidad', 1),
(24, 'Nalga', 'unidades', 1),
(25, 'Milanesas 2x1', 'unidad', 1),
(30, 'Suprema', 'unidad', 1),
(32, 'Paleta', 'unidad', 4),
(33, 'Tybo', 'unidad', 4),
(34, 'J. Cocido', 'unidad', 4),
(35, 'J. Crudo', 'unidad', 4),
(36, 'Milan', 'unidad', 4),
(37, 'Panceta', 'unidad', 4),
(38, 'Bondiola', 'unidad', 4),
(39, 'Pategras', 'unidad', 4),
(40, 'Fontina', 'unidad', 4),
(41, 'Roquefor', 'unidad', 4),
(42, 'Mortadela', 'unidad', 4),
(45, 'Levadura', 'unidad', 4),
(46, 'Salamines', 'unidad', 4),
(47, 'Miga', 'unidad', 9),
(48, 'Pan de lomo', 'unidad', 9),
(49, 'Saborizados', 'unidad', 4),
(50, 'Manteca', 'unidad', 8),
(51, 'Casamcrem', 'unidad', 8),
(53, 'Coca', 'por unidad', 5),
(54, 'Sprite ', 'por unidad', 5),
(55, 'Coca Light ', 'por unidad', 5),
(56, 'Coca Zero', 'por unidad', 5),
(57, 'Sprite zero', 'por unidad ', 5),
(58, 'Fanta ', 'por unidad', 5),
(59, 'Agua sin gas ', 'por unidad', 5),
(60, 'Agua con gas', 'por unidad', 5),
(61, 'Schwep tonica', 'por unidad', 5),
(62, 'schwep pomelo', 'por unidad', 5),
(63, 'Aquarius  Pomelo', 'por unidad', 5),
(64, 'Aquarius Manzana', 'por unidad', 5),
(65, 'Aquarius Pera', 'por unidad', 5),
(66, 'Aquarius Uva', 'por unidad', 5),
(67, 'aquarius Naranja', 'por unidad', 5),
(68, 'Aquarius Limonada', 'por unidad', 5),
(69, 'Budweiser 1lt', 'por unidad', 6),
(70, 'Budweiser 470ml', 'por unidad', 6),
(71, 'Budweiser 330', 'por unidad', 6),
(72, 'Heineken 470', 'por unidad', 6),
(73, 'Heineken 1lts', 'por unidad', 6),
(74, 'Heineken 330', 'por unidad', 6),
(75, 'Imperial lager 470ml', 'por unidad', 6),
(76, 'Imperial Lager 1lt', 'por unidad', 6),
(77, 'Imperial scotch Ale 330', 'por unidad', 6),
(78, 'imperial scotch Ale 1lt', 'por unidad', 6),
(79, 'Imperial Amber Lager 330', 'por unidad', 6),
(80, 'Imperial Amber lager 1lt', 'por unidad', 6),
(81, 'Imperial cream Stouch 330', 'por unidad', 6),
(82, 'Imperial cream Stouch 1lt', 'por unidad', 6),
(83, 'Imperial trigo 330 ', 'por unidad', 6),
(84, 'Imperial trigo 1lt', 'por unidad', 6),
(85, 'Mejillones', 'kilo', 7),
(86, 'Langostinos', 'kilo', 7),
(87, 'callo vieras', 'kilo', 7),
(88, 'Tentaculos', 'kilo', 7),
(89, 'Tubos de calamar', 'kilo', 7),
(90, 'Rabas', 'unidad', 7),
(91, 'Abadejo', 'unidad', 7),
(92, 'Merluza ', 'kilo', 7),
(93, 'Pencas de Salmon', 'kilo', 7),
(94, 'Salmon', 'unidad', 7),
(95, 'Anicama', 'kilos', 7),
(96, 'Camarones/Langostino', 'kilos', 7),
(97, 'Truchas', 'unidad', 7),
(98, 'Berberechos', 'kilos', 7),
(99, 'Almejas', 'kilos', 7),
(100, 'Media Valva', 'kilos', 7),
(101, 'Crema', 'kilos', 8),
(102, 'Queso Mantecos', 'unidad', 4),
(103, 'Queso Crema', 'unidad', 8),
(104, 'Baguette', 'unidad', 9),
(105, 'Rebozador', 'kilos', 9),
(106, 'Provoletas', 'unidad', 4),
(107, 'Levaduras', 'unidad', 4),
(108, 'bife de chorizo', 'unidad', 1),
(109, 'Pollo ', 'unidad', 1),
(110, 'Pechuga', 'unidad', 1),
(111, 'Muslo', 'unidad', 1),
(112, 'Pollo Relleno', 'unidad', 1),
(113, 'Bondiola de cerdo', 'unidad', 1),
(114, 'Solomillo de cerdo', 'unidad', 1),
(115, 'carre de cerdo', 'unidad', 1),
(116, 'choclo', 'unidad', 10),
(117, 'champignones', 'unidad', 10),
(118, 'Arvejas', 'unidad', 10),
(119, 'Anana', 'unidad', 10),
(120, 'Durazno', 'u', 0),
(121, 'Durazno en lata', 'unidad', 10),
(122, 'Pure de tomate', 'unidad', 10),
(123, 'Tomate Lata', 'unidad', 10),
(124, 'Sala de soja', 'unidad', 10),
(125, 'Miel', 'unidad', 10),
(126, 'Azucar', 'kilo', 10),
(127, 'Sal Fina', 'unidad', 10),
(128, 'Sal Gruesa', 'unidad', 10),
(129, 'Vinagre', 'unidad', 10),
(130, 'Vino tinto', 'unidad', 10),
(131, 'Vino blanco', 'unidad', 10),
(132, 'Aceituna Verde', 'balde', 10),
(133, 'Aceituna Negras', 'balde', 10),
(134, 'Arroz', 'kilo', 10),
(135, 'Mayonesa 2.900', 'unidad', 10),
(136, 'Mostaza 2.900', 'unidad', 10),
(137, 'Harina', 'kilos', 10),
(138, 'Maicena', 'kilos', 10),
(139, 'Aceite de Oliva', 'litro', 10),
(140, 'Aceite', 'litro', 10),
(141, 'mayonesa Mini', 'caja', 10),
(142, 'Mostaza Mini', 'caja', 10),
(143, 'Kepchut Mini', 'caja', 10),
(144, 'Aceto', 'litro', 10),
(145, 'Atun', 'unidad', 10),
(146, 'Pizzas', 'unidad', 9),
(147, 'cazuela Marisco', 'unidad', 7),
(148, 'Tabla de Mar', 'unidad', 7),
(149, 'Tabla de Fiambre', 'unidad', 4),
(150, 'Pan Lactal Blanco', 'unidad', 9),
(151, 'Pan Lactal negro', 'unidad', 9),
(152, 'Budin Ingles', 'unidad', 9),
(153, 'Pasta frola grande', 'unidad', 9),
(154, 'Pasta Frola chica', 'unidad', 9),
(155, 'Alfajores de maicena', 'unidad', 9),
(156, 'Pepas', 'kilo', 9),
(157, 'scones', 'kilo', 9),
(158, 'Tiramisu', 'unidad', 9),
(159, 'Brownie', 'unidad', 9),
(160, 'Chesse Cake', 'unidad', 9),
(161, 'lemon pie', 'unidad', 9),
(162, 'Selva Negra', 'unidad', 9),
(163, 'Tarta especial', 'unidad', 9),
(164, 'Cafe Molido', 'kilo', 11),
(165, 'Cafe grano', 'kilo', 11),
(166, 'Azucar mini', 'caja', 11),
(167, 'Edulcorante', 'caja', 11),
(168, 'Mermelada Mini', 'caja', 11),
(169, 'Manteca Mini', 'caja', 11),
(170, 'Queso Untable', 'caja', 11),
(171, 'dulce de leche Mini', 'caja', 11),
(172, 'dulce de leche', 'kilo', 8),
(173, 'yogurt frutilla entero', 'litro', 8),
(174, 'yogurt vainilla entero', 'litro', 8),
(175, 'yogurt frutilla light ', 'litro ', 8),
(176, 'yogurt vainilla light', 'litro', 8),
(177, 'Jugo Citric', 'litro', 11),
(178, 'Jugo Cepita', 'litro', 11),
(179, 'Medialunas', 'unidad', 11),
(180, 'Criollos', 'unidad', 11),
(181, 'Chocolino', 'kilo', 11),
(182, 'Chocolate en Barra', 'Kilo', 11),
(183, 'Leche', 'litro', 8),
(184, 'Te comun', 'caja', 11),
(185, 'Te hierbas', 'caja', 11),
(186, 'Te Boldo', 'caja', 11),
(187, 'Te Saborizados', 'caja', 11),
(188, 'Leche Sobre Individual', 'caja', 11),
(189, 'Peras', 'kilo', 12),
(190, 'Manzanas', 'Kilos', 12),
(191, 'kiwi', 'kilos', 12),
(192, 'Frutilla', 'kilo', 12),
(193, 'Naranjas', 'kilos', 12),
(194, 'Tomates', 'kilo', 12),
(195, 'Limones', 'unidades', 12),
(196, 'Batatas', 'kilos', 12),
(197, 'Zanahoria', 'kilo', 12),
(198, 'Papas', 'bolsa', 12),
(199, 'Verdeo', 'unidad', 12),
(200, 'Perejil', 'atado', 12),
(201, 'champignones frescos', 'kilo', 12),
(202, 'Tomate Cherry', 'kilo', 12),
(203, 'Rucula', 'atado', 12),
(204, 'Lechuga', 'kilo', 12),
(205, 'Coliflor', 'unidad', 12),
(206, 'Brocoli', 'unidad', 12),
(207, 'Anco', 'unidad', 12),
(208, 'Zapallitos', 'kilo', 12),
(209, 'Berenjena', 'kilo', 12),
(210, 'Pimiento Verdes', 'kilo', 12),
(211, 'Pimiento Rojo', 'kilo', 12),
(212, 'Pimiento Amarillo', 'kilo', 12),
(213, 'Pepinos', 'unidad', 12),
(214, 'Paltas', 'unidad', 12),
(215, 'Papas Baton', 'bolsa', 12),
(216, 'Papas Noisette ', 'bolsa', 12),
(217, 'Acelga', 'maso', 12),
(218, 'Cebolla', 'kilo', 12),
(219, 'Huevos', 'maple', 12),
(220, 'Sorrentino Calabaza', 'porciones', 13),
(221, 'Sorrentinos Jamon y queso', 'porciones', 13),
(222, 'Ravioles de Lomo y Hongos', 'porciones', 13),
(223, 'Sorrentinos Capresse', 'porciones', 13),
(224, 'Ravioles Perla Negra', 'porciones', 13),
(225, 'Ravioles Pollo y Verdura', 'porciones', 13),
(226, 'Lasagna', 'porciones', 13),
(227, 'Canelones', 'porciones', 13),
(228, 'Sorrentino de camarones', 'porciones', 13),
(229, 'Tallarines', 'kilo', 13),
(230, 'noquis', 'porciones', 13);

-- --------------------------------------------------------

--
-- Estructura de tabla para la tabla `producto_categoria`
--

CREATE TABLE `producto_categoria` (
  `prod_cate_id` int(8) NOT NULL,
  `prod_cate_nomb` varchar(50) NOT NULL
) ENGINE=MyISAM DEFAULT CHARSET=latin1;

--
-- Volcado de datos para la tabla `producto_categoria`
--

INSERT INTO `producto_categoria` (`prod_cate_id`, `prod_cate_nomb`) VALUES
(1, 'Carne'),
(4, 'Fiambre'),
(5, 'BEBIDAS SIN ALCOHOL'),
(6, 'BEBIDAS CON ALCOHOL'),
(7, 'Pescado'),
(8, 'Lacteos'),
(9, 'Panificacion'),
(10, 'Almacen'),
(11, 'Cafeteria'),
(12, 'Verduleria'),
(13, 'Pastas');

-- --------------------------------------------------------

--
-- Estructura de tabla para la tabla `stock`
--

CREATE TABLE `stock` (
  `stoc_id` int(8) NOT NULL,
  `stoc_cant_disp` float(8,2) NOT NULL,
  `stoc_cant_fisi` float(8,2) NOT NULL,
  `stoc_fech_modi` datetime NOT NULL,
  `prod_id` int(8) NOT NULL,
  `luga_id` int(8) NOT NULL
) ENGINE=MyISAM DEFAULT CHARSET=latin1;

--
-- Volcado de datos para la tabla `stock`
--

INSERT INTO `stock` (`stoc_id`, `stoc_cant_disp`, `stoc_cant_fisi`, `stoc_fech_modi`, `prod_id`, `luga_id`) VALUES
(41, 0.00, 15.00, '2016-11-22 19:35:16', 38, 8),
(40, 0.00, 3.00, '2016-11-22 19:35:40', 34, 8),
(39, 0.00, 3.00, '2016-11-22 19:35:57', 35, 8),
(38, 0.00, 5.00, '2016-11-22 19:36:21', 97, 8),
(37, 0.00, 1.00, '2016-11-22 19:36:31', 95, 8),
(36, 0.00, 15.00, '2016-11-22 19:36:50', 94, 8),
(35, 0.00, 22.00, '2016-11-22 19:37:12', 90, 8),
(31, 0.00, 20.00, '2016-10-21 21:27:29', 23, 7),
(236, 0.00, 3.00, '2016-12-21 13:55:11', 189, 9),
(242, 0.00, 24.00, '2016-12-21 13:51:26', 128, 9),
(33, 0.00, 11.50, '2016-11-22 19:38:21', 86, 8),
(32, 0.00, 1.00, '2016-11-22 19:38:31', 85, 8),
(42, 0.00, 0.00, '2016-11-22 19:38:41', 41, 8),
(56, 0.00, 2.00, '2017-01-18 18:13:54', 3, 5),
(43, 0.00, 0.00, '2016-11-12 19:41:45', 39, 8),
(241, 0.00, 10.00, '2016-12-21 13:50:02', 126, 9),
(45, 0.00, 0.50, '2016-11-22 19:39:42', 40, 8),
(46, 0.00, 1.00, '2016-11-22 19:39:53', 42, 8),
(47, 0.00, 10.00, '2016-11-22 19:40:06', 101, 8),
(48, 0.00, 7.00, '2016-11-22 19:40:57', 32, 8),
(49, 0.00, 1.00, '2016-11-22 19:41:10', 33, 8),
(50, 0.00, 1.00, '2016-11-22 19:41:23', 102, 8),
(51, 0.00, 1.05, '2016-11-22 19:41:55', 36, 8),
(53, 0.00, 16.00, '2016-11-22 19:42:22', 103, 8),
(54, 0.00, 11.00, '2016-11-22 19:43:04', 37, 8),
(55, 0.00, 2.00, '2016-11-22 19:45:46', 46, 8),
(57, 0.00, 1.00, '2017-01-18 18:14:22', 4, 5),
(58, 0.00, 4.00, '2017-01-18 18:14:43', 17, 5),
(59, 0.00, 3.00, '2016-10-26 02:36:59', 18, 5),
(60, 0.00, 2.00, '2017-01-18 18:15:04', 19, 5),
(61, 0.00, 0.00, '2016-10-25 18:15:35', 20, 5),
(62, 0.00, 0.00, '2016-10-25 18:15:53', 21, 5),
(63, 0.00, 0.00, '2016-10-25 18:16:15', 22, 5),
(64, 0.00, 0.00, '2016-10-25 18:16:24', 25, 5),
(65, 0.00, 7.00, '2017-01-18 18:16:20', 30, 5),
(66, 0.00, 2.00, '2016-10-26 02:26:33', 32, 5),
(67, 0.00, 1.00, '2016-10-26 02:27:01', 33, 5),
(68, 0.00, 0.00, '2017-01-18 18:16:39', 34, 5),
(70, 0.00, 1.00, '2016-10-26 02:27:50', 35, 5),
(71, 0.00, 0.00, '2016-10-26 02:28:45', 36, 5),
(72, 0.00, 1.00, '2016-10-26 02:29:39', 37, 5),
(73, 0.00, 3.00, '2016-10-26 02:31:06', 38, 5),
(74, 0.00, 2.00, '2016-10-26 02:31:25', 39, 5),
(75, 0.00, 0.00, '2016-10-25 18:30:33', 40, 5),
(76, 0.00, 1.00, '2016-10-26 02:32:53', 41, 5),
(77, 0.00, 0.00, '2016-10-25 18:31:34', 42, 5),
(78, 0.00, 2.00, '2016-10-26 02:33:38', 46, 5),
(79, 0.00, 1.00, '2016-10-26 02:33:51', 47, 5),
(80, 0.00, 22.00, '2016-10-26 02:34:10', 48, 5),
(81, 0.00, 3.00, '2016-10-26 02:34:24', 49, 5),
(82, 0.00, 0.00, '2016-10-25 19:26:32', 50, 5),
(83, 0.00, 1.00, '2016-10-26 02:35:03', 51, 5),
(84, 0.00, 15.00, '2016-10-26 02:35:34', 85, 5),
(85, 0.00, 1.00, '2016-10-26 02:35:51', 86, 5),
(86, 0.00, 0.00, '2016-10-25 19:28:05', 87, 5),
(87, 0.00, 2.00, '2016-10-26 02:38:26', 88, 5),
(88, 0.00, 0.00, '2016-10-25 19:28:59', 89, 5),
(89, 0.00, 15.00, '2016-10-26 02:39:05', 90, 5),
(90, 0.00, 0.00, '2016-10-25 19:30:03', 91, 5),
(91, 0.00, 4.00, '2016-10-26 02:39:31', 92, 5),
(92, 0.00, 8.00, '2016-10-26 02:41:08', 93, 5),
(93, 0.00, 0.00, '2016-10-25 19:32:45', 94, 5),
(94, 0.00, 0.00, '2016-10-25 19:33:04', 95, 5),
(95, 0.00, 0.00, '2016-10-25 19:33:26', 96, 5),
(96, 0.00, 12.00, '2016-10-26 02:41:57', 97, 5),
(97, 0.00, 0.00, '2016-10-25 19:33:59', 98, 5),
(98, 0.00, 0.00, '2016-10-25 19:34:16', 99, 5),
(99, 0.00, 0.00, '2016-10-25 19:34:31', 100, 5),
(100, 0.00, 0.00, '2016-10-26 02:42:36', 101, 5),
(101, 0.00, 0.00, '2016-10-25 19:35:28', 102, 5),
(102, 0.00, 0.00, '2016-10-25 19:35:45', 104, 5),
(103, 0.00, 0.00, '2016-10-25 19:35:46', 104, 5),
(104, 0.00, 1.00, '2016-10-26 02:43:01', 105, 5),
(105, 0.00, 0.00, '2016-10-25 19:36:46', 106, 5),
(106, 0.00, 5.00, '2016-10-26 02:45:07', 109, 5),
(107, 0.00, 15.00, '2016-10-26 02:47:15', 110, 5),
(108, 0.00, 11.00, '2016-10-26 02:47:30', 111, 5),
(109, 0.00, 0.00, '2016-10-25 19:38:07', 112, 5),
(110, 0.00, 3.00, '2016-10-26 02:48:06', 38, 5),
(111, 0.00, 0.00, '2016-10-25 19:38:35', 114, 5),
(112, 0.00, 0.00, '2016-10-25 19:38:51', 115, 5),
(113, 0.00, 6.00, '2016-10-26 02:48:39', 116, 5),
(114, 0.00, 6.00, '2016-10-26 02:49:16', 117, 5),
(115, 0.00, 4.00, '2016-10-26 02:49:52', 119, 5),
(116, 0.00, 5.00, '2016-10-26 02:50:10', 121, 5),
(117, 0.00, 12.00, '2016-10-26 02:51:16', 122, 5),
(118, 0.00, 2.00, '2016-10-26 02:51:35', 123, 5),
(119, 0.00, 3.00, '2016-10-26 02:51:58', 124, 5),
(120, 0.00, 3.00, '2016-10-26 02:52:26', 125, 5),
(121, 0.00, 10.00, '2016-11-01 01:25:53', 126, 5),
(122, 0.00, 4.00, '2016-10-26 02:53:47', 127, 5),
(123, 0.00, 2.00, '2016-10-26 02:54:05', 128, 5),
(124, 0.00, 2.00, '2016-10-26 02:54:24', 129, 5),
(125, 0.00, 4.00, '2016-10-26 02:54:47', 130, 5),
(126, 0.00, 2.00, '2016-10-26 02:55:16', 131, 5),
(127, 0.00, 0.00, '2016-10-25 19:53:22', 132, 5),
(128, 0.00, 1.00, '2016-10-26 02:56:21', 133, 5),
(129, 0.00, 0.00, '2016-10-25 19:54:52', 134, 5),
(130, 0.00, 1.00, '2016-10-26 02:57:25', 135, 5),
(131, 0.00, 10.00, '2016-10-28 15:19:59', 137, 5),
(132, 0.00, 5.00, '2016-10-28 15:21:05', 138, 5),
(135, 0.00, 1.00, '2016-11-22 20:01:46', 3, 8),
(137, 0.00, 8.00, '2016-11-22 20:02:48', 50, 8),
(139, 0.00, 2.00, '2016-11-18 20:35:24', 47, 8),
(231, 0.00, 1.00, '2016-11-22 20:04:05', 104, 8),
(141, 0.00, 12.00, '2016-11-22 20:04:51', 48, 8),
(142, 0.00, 8.00, '2016-11-22 20:05:11', 106, 8),
(143, 0.00, 2.00, '2016-11-22 20:05:36', 216, 8),
(144, 0.00, 1.05, '2016-11-22 20:07:58', 45, 8),
(147, 0.00, 1.00, '2016-11-22 20:08:38', 189, 8),
(148, 0.00, 0.00, '2016-11-22 20:08:52', 190, 8),
(149, 0.00, 1.00, '2016-11-22 20:09:45', 191, 8),
(150, 0.00, 2.00, '2016-11-22 20:09:57', 193, 8),
(151, 0.00, 3.00, '2016-11-18 20:37:59', 194, 8),
(152, 0.00, 3.00, '2016-11-22 20:10:11', 195, 8),
(153, 0.00, 1.50, '2016-11-22 20:10:29', 196, 8),
(154, 0.00, 3.00, '2016-11-22 20:10:41', 197, 8),
(155, 0.00, 0.00, '2016-11-22 20:11:38', 198, 8),
(156, 0.00, 0.00, '2016-11-22 20:11:56', 199, 8),
(157, 0.00, 0.50, '2016-11-22 20:12:13', 200, 8),
(158, 0.00, 200.00, '2016-11-22 20:12:33', 201, 8),
(159, 0.00, 1.50, '2016-11-22 20:12:52', 202, 8),
(160, 0.00, 4.00, '2016-11-22 20:13:14', 203, 8),
(161, 0.00, 6.00, '2016-11-22 20:13:28', 204, 8),
(244, 0.00, 67.00, '2017-01-18 18:15:46', 23, 5),
(163, 0.00, 0.00, '2016-11-22 20:17:31', 205, 8),
(239, 0.00, 3.00, '2016-12-21 13:47:37', 191, 9),
(165, 0.00, 0.00, '2016-11-22 20:20:58', 207, 8),
(166, 0.00, 5.00, '2016-11-22 20:21:16', 208, 8),
(167, 0.00, 3.00, '2016-11-22 20:21:55', 209, 8),
(168, 0.00, 3.00, '2016-11-12 20:08:29', 210, 8),
(169, 0.00, 2.00, '2016-11-22 20:22:17', 211, 8),
(170, 0.00, 4.00, '2016-11-22 20:22:30', 213, 8),
(171, 0.00, 0.00, '2016-11-03 08:12:36', 214, 8),
(172, 0.00, 0.00, '2016-11-03 08:13:06', 212, 8),
(173, 0.00, 6.00, '2016-11-22 20:22:53', 215, 8),
(243, 0.00, 34.00, '2016-12-21 13:57:30', 183, 9),
(175, 0.00, 0.00, '2016-11-03 08:29:19', 217, 8),
(176, 0.00, 4.00, '2016-11-22 20:23:14', 218, 8),
(177, 0.00, 1.00, '2016-11-22 20:23:33', 18, 8),
(178, 0.00, 0.00, '2016-11-22 20:26:19', 24, 8),
(179, 0.00, 90.00, '2016-11-22 20:34:12', 24, 8),
(180, 0.00, 16.00, '2016-11-22 20:41:30', 109, 8),
(181, 0.00, 26.00, '2016-11-22 20:41:56', 110, 8),
(182, 0.00, 50.00, '2016-11-22 20:42:13', 111, 8),
(183, 0.00, 2.00, '2016-11-22 20:42:26', 112, 8),
(185, 0.00, 1.00, '2016-11-22 20:42:40', 4, 8),
(186, 0.00, 1.00, '2016-11-22 20:42:55', 113, 8),
(187, 0.00, 1.50, '2016-11-22 20:43:26', 115, 8),
(188, 0.00, 5.00, '2016-11-22 20:43:58', 116, 8),
(189, 0.00, 3.00, '2016-11-22 20:44:20', 117, 8),
(190, 0.00, 17.00, '2016-11-22 20:44:38', 118, 8),
(238, 0.00, 24.00, '2016-12-21 13:42:53', 116, 9),
(192, 0.00, 4.00, '2016-11-22 21:10:26', 119, 8),
(193, 0.00, 3.00, '2016-11-22 21:11:28', 121, 8),
(198, 0.00, 2.00, '2016-11-08 22:35:38', 124, 8),
(195, 0.00, 10.00, '2016-11-22 21:12:14', 122, 8),
(196, 0.00, 1.00, '2016-11-22 21:15:07', 123, 8),
(200, 0.00, 6.00, '2016-11-22 21:16:07', 126, 8),
(201, 0.00, 5.00, '2016-11-22 21:16:46', 127, 8),
(202, 0.00, 4.00, '2016-11-22 21:16:59', 128, 8),
(203, 0.00, 2.00, '2016-11-18 20:51:11', 129, 8),
(208, 0.00, 3.00, '2016-11-22 21:17:22', 130, 8),
(209, 0.00, 3.00, '2016-11-22 21:17:35', 131, 8),
(211, 0.00, 1.05, '2016-11-22 21:18:33', 132, 8),
(212, 0.00, 0.50, '2016-11-22 21:18:49', 133, 8),
(233, 0.00, 2.05, '2016-11-22 21:19:09', 105, 8),
(214, 0.00, 7.00, '2016-11-22 21:19:25', 134, 8),
(215, 0.00, 1.00, '2016-11-22 21:19:46', 18, 8),
(237, 0.00, 2.00, '2016-12-21 13:40:46', 190, 9),
(217, 0.00, 2.00, '2016-11-22 21:20:05', 135, 8),
(218, 0.00, 1.00, '2016-11-22 21:20:16', 136, 8),
(219, 0.00, 9.00, '2016-11-22 21:21:33', 219, 8),
(220, 0.00, 1.05, '2016-11-18 20:53:11', 137, 8),
(221, 0.00, 1.00, '2016-11-22 21:22:04', 138, 8),
(222, 0.00, 5.00, '2016-11-22 21:22:19', 139, 8),
(223, 0.00, 30.00, '2016-11-22 21:22:39', 140, 8),
(224, 0.00, 2.00, '2016-11-18 20:54:22', 144, 8),
(225, 0.00, 11.00, '2016-11-18 20:54:37', 145, 8),
(226, 0.00, 22.00, '2016-11-22 21:22:57', 89, 8),
(227, 0.00, 0.00, '2016-11-04 06:42:11', 91, 8),
(228, 0.00, 2.00, '2016-11-22 21:23:10', 92, 8),
(234, 0.00, 5.00, '2016-11-12 20:44:39', 88, 8),
(230, 0.00, 1.00, '2016-11-22 21:23:26', 113, 8),
(232, 0.00, 0.00, '2016-11-22 21:23:43', 206, 8);

-- --------------------------------------------------------

--
-- Estructura de tabla para la tabla `stock_registro`
--

CREATE TABLE `stock_registro` (
  `stock_registro_id` int(11) NOT NULL,
  `stock_registro_fecha` datetime NOT NULL,
  `prod_id` int(11) NOT NULL,
  `n943` int(11) NOT NULL,
  `estacion` int(11) NOT NULL,
  `plaza` int(11) NOT NULL,
  `hj` int(11) NOT NULL,
  `deposito` int(11) NOT NULL,
  `total` int(11) NOT NULL
) ENGINE=InnoDB DEFAULT CHARSET=latin1;

--
-- Volcado de datos para la tabla `stock_registro`
--

INSERT INTO `stock_registro` (`stock_registro_id`, `stock_registro_fecha`, `prod_id`, `n943`, `estacion`, `plaza`, `hj`, `deposito`, `total`) VALUES
(1, '2017-06-02 21:14:29', 91, 0, 0, 0, 0, 0, 0),
(2, '2017-06-02 21:14:29', 140, 0, 0, 0, 30, 0, 30),
(3, '2017-06-02 21:14:29', 139, 0, 0, 0, 5, 0, 5),
(4, '2017-06-02 21:14:29', 133, 1, 0, 0, 1, 0, 2),
(5, '2017-06-02 21:14:29', 132, 0, 0, 0, 1, 0, 1),
(6, '2017-06-02 21:14:29', 217, 0, 0, 0, 0, 0, 0),
(7, '2017-06-02 21:14:29', 144, 0, 0, 0, 2, 0, 2),
(8, '2017-06-02 21:14:29', 60, 0, 0, 0, 0, 0, 0),
(9, '2017-06-02 21:14:29', 59, 0, 0, 0, 0, 0, 0),
(10, '2017-06-02 21:14:29', 155, 0, 0, 0, 0, 0, 0),
(11, '2017-06-02 21:14:29', 99, 0, 0, 0, 0, 0, 0),
(12, '2017-06-02 21:14:29', 119, 4, 0, 0, 4, 0, 8),
(13, '2017-06-02 21:14:29', 207, 0, 0, 0, 0, 0, 0),
(14, '2017-06-02 21:14:29', 95, 0, 0, 0, 1, 0, 1),
(15, '2017-06-02 21:14:29', 63, 0, 0, 0, 0, 0, 0),
(16, '2017-06-02 21:14:29', 68, 0, 0, 0, 0, 0, 0),
(17, '2017-06-02 21:14:29', 64, 0, 0, 0, 0, 0, 0),
(18, '2017-06-02 21:14:29', 67, 0, 0, 0, 0, 0, 0),
(19, '2017-06-02 21:14:29', 65, 0, 0, 0, 0, 0, 0),
(20, '2017-06-02 21:14:29', 66, 0, 0, 0, 0, 0, 0),
(21, '2017-06-02 21:14:29', 134, 0, 0, 0, 7, 0, 7),
(22, '2017-06-02 21:14:29', 118, 0, 0, 0, 17, 0, 17),
(23, '2017-06-02 21:14:29', 145, 0, 0, 0, 11, 0, 11),
(24, '2017-06-02 21:14:29', 126, 10, 0, 0, 6, 10, 26),
(25, '2017-06-02 21:14:29', 166, 0, 0, 0, 0, 0, 0),
(26, '2017-06-02 21:14:29', 104, 0, 0, 0, 1, 0, 1),
(27, '2017-06-02 21:14:29', 196, 0, 0, 0, 2, 0, 2),
(28, '2017-06-02 21:14:29', 98, 0, 0, 0, 0, 0, 0),
(29, '2017-06-02 21:14:29', 209, 0, 0, 0, 3, 0, 3),
(30, '2017-06-02 21:14:29', 108, 0, 0, 0, 0, 0, 0),
(31, '2017-06-02 21:14:29', 22, 0, 0, 0, 0, 0, 0),
(32, '2017-06-02 21:14:29', 38, 6, 0, 0, 15, 0, 21),
(33, '2017-06-02 21:14:29', 113, 0, 0, 0, 2, 0, 2),
(34, '2017-06-02 21:14:29', 206, 0, 0, 0, 0, 0, 0),
(35, '2017-06-02 21:14:29', 159, 0, 0, 0, 0, 0, 0),
(36, '2017-06-02 21:14:29', 152, 0, 0, 0, 0, 0, 0),
(37, '2017-06-02 21:14:29', 69, 0, 0, 0, 0, 0, 0),
(38, '2017-06-02 21:14:29', 71, 0, 0, 0, 0, 0, 0),
(39, '2017-06-02 21:14:29', 70, 0, 0, 0, 0, 0, 0),
(40, '2017-06-02 21:14:29', 165, 0, 0, 0, 0, 0, 0),
(41, '2017-06-02 21:14:29', 164, 0, 0, 0, 0, 0, 0),
(42, '2017-06-02 21:14:29', 87, 0, 0, 0, 0, 0, 0),
(43, '2017-06-02 21:14:29', 96, 0, 0, 0, 0, 0, 0),
(44, '2017-06-02 21:14:29', 227, 0, 0, 0, 0, 0, 0),
(45, '2017-06-02 21:14:29', 115, 0, 0, 0, 2, 0, 2),
(46, '2017-06-02 21:14:29', 3, 2, 0, 0, 1, 0, 3),
(47, '2017-06-02 21:14:29', 51, 1, 0, 0, 0, 0, 1),
(48, '2017-06-02 21:14:29', 147, 0, 0, 0, 0, 0, 0),
(49, '2017-06-02 21:14:29', 218, 0, 0, 0, 4, 0, 4),
(50, '2017-06-02 21:14:29', 117, 6, 0, 0, 3, 0, 9),
(51, '2017-06-02 21:14:29', 201, 0, 0, 0, 200, 0, 200),
(52, '2017-06-02 21:14:29', 160, 0, 0, 0, 0, 0, 0),
(53, '2017-06-02 21:14:29', 116, 6, 0, 0, 5, 24, 35),
(54, '2017-06-02 21:14:29', 182, 0, 0, 0, 0, 0, 0),
(55, '2017-06-02 21:14:29', 181, 0, 0, 0, 0, 0, 0),
(56, '2017-06-02 21:14:29', 53, 0, 0, 0, 0, 0, 0),
(57, '2017-06-02 21:14:29', 55, 0, 0, 0, 0, 0, 0),
(58, '2017-06-02 21:14:29', 56, 0, 0, 0, 0, 0, 0),
(59, '2017-06-02 21:14:29', 205, 0, 0, 0, 0, 0, 0),
(60, '2017-06-02 21:14:29', 101, 0, 0, 0, 10, 0, 10),
(61, '2017-06-02 21:14:29', 180, 0, 0, 0, 0, 0, 0),
(62, '2017-06-02 21:14:29', 172, 0, 0, 0, 0, 0, 0),
(63, '2017-06-02 21:14:29', 171, 0, 0, 0, 0, 0, 0),
(64, '2017-06-02 21:14:29', 120, 0, 0, 0, 0, 0, 0),
(65, '2017-06-02 21:14:29', 121, 5, 0, 0, 3, 0, 8),
(66, '2017-06-02 21:14:29', 167, 0, 0, 0, 0, 0, 0),
(67, '2017-06-02 21:14:29', 58, 0, 0, 0, 0, 0, 0),
(68, '2017-06-02 21:14:29', 40, 0, 0, 0, 1, 0, 1),
(69, '2017-06-02 21:14:29', 192, 0, 0, 0, 0, 0, 0),
(70, '2017-06-02 21:14:29', 137, 10, 0, 0, 1, 0, 11),
(71, '2017-06-02 21:14:29', 73, 0, 0, 0, 0, 0, 0),
(72, '2017-06-02 21:14:29', 74, 0, 0, 0, 0, 0, 0),
(73, '2017-06-02 21:14:29', 72, 0, 0, 0, 0, 0, 0),
(74, '2017-06-02 21:14:29', 219, 0, 0, 0, 9, 0, 9),
(75, '2017-06-02 21:14:29', 80, 0, 0, 0, 0, 0, 0),
(76, '2017-06-02 21:14:29', 79, 0, 0, 0, 0, 0, 0),
(77, '2017-06-02 21:14:29', 82, 0, 0, 0, 0, 0, 0),
(78, '2017-06-02 21:14:29', 81, 0, 0, 0, 0, 0, 0),
(79, '2017-06-02 21:14:29', 76, 0, 0, 0, 0, 0, 0),
(80, '2017-06-02 21:14:29', 75, 0, 0, 0, 0, 0, 0),
(81, '2017-06-02 21:14:29', 78, 0, 0, 0, 0, 0, 0),
(82, '2017-06-02 21:14:29', 77, 0, 0, 0, 0, 0, 0),
(83, '2017-06-02 21:14:29', 84, 0, 0, 0, 0, 0, 0),
(84, '2017-06-02 21:14:29', 83, 0, 0, 0, 0, 0, 0),
(85, '2017-06-02 21:14:29', 34, 0, 0, 0, 3, 0, 3),
(86, '2017-06-02 21:14:29', 35, 1, 0, 0, 3, 0, 4),
(87, '2017-06-02 21:14:29', 178, 0, 0, 0, 0, 0, 0),
(88, '2017-06-02 21:14:29', 177, 0, 0, 0, 0, 0, 0),
(89, '2017-06-02 21:14:29', 143, 0, 0, 0, 0, 0, 0),
(90, '2017-06-02 21:14:29', 191, 0, 0, 0, 1, 3, 4),
(91, '2017-06-02 21:14:29', 86, 1, 0, 0, 12, 0, 13),
(92, '2017-06-02 21:14:29', 226, 0, 0, 0, 0, 0, 0),
(93, '2017-06-02 21:14:29', 183, 0, 0, 0, 0, 34, 34),
(94, '2017-06-02 21:14:29', 188, 0, 0, 0, 0, 0, 0),
(95, '2017-06-02 21:14:29', 204, 0, 0, 0, 6, 0, 6),
(96, '2017-06-02 21:14:29', 161, 0, 0, 0, 0, 0, 0),
(97, '2017-06-02 21:14:29', 45, 0, 0, 0, 1, 0, 1),
(98, '2017-06-02 21:14:29', 107, 0, 0, 0, 0, 0, 0),
(99, '2017-06-02 21:14:29', 195, 0, 0, 0, 3, 0, 3),
(100, '2017-06-02 21:14:29', 18, 3, 0, 0, 2, 0, 5),
(101, '2017-06-02 21:14:29', 138, 5, 0, 0, 1, 0, 6),
(102, '2017-06-02 21:14:29', 50, 0, 0, 0, 8, 0, 8),
(103, '2017-06-02 21:14:29', 169, 0, 0, 0, 0, 0, 0),
(104, '2017-06-02 21:14:29', 190, 0, 0, 0, 0, 2, 2),
(105, '2017-06-02 21:14:29', 4, 1, 0, 0, 1, 0, 2),
(106, '2017-06-02 21:14:29', 17, 4, 0, 0, 0, 0, 4),
(107, '2017-06-02 21:14:29', 135, 1, 0, 0, 2, 0, 3),
(108, '2017-06-02 21:14:29', 141, 0, 0, 0, 0, 0, 0),
(109, '2017-06-02 21:14:29', 100, 0, 0, 0, 0, 0, 0),
(110, '2017-06-02 21:14:29', 179, 0, 0, 0, 0, 0, 0),
(111, '2017-06-02 21:14:29', 85, 15, 0, 0, 1, 0, 16),
(112, '2017-06-02 21:14:29', 92, 4, 0, 0, 2, 0, 6),
(113, '2017-06-02 21:14:29', 168, 0, 0, 0, 0, 0, 0),
(114, '2017-06-02 21:14:29', 125, 3, 0, 0, 0, 0, 3),
(115, '2017-06-02 21:14:29', 47, 1, 0, 0, 2, 0, 3),
(116, '2017-06-02 21:14:29', 36, 0, 0, 0, 1, 0, 1),
(117, '2017-06-02 21:14:29', 23, 67, 0, 20, 0, 0, 87),
(118, '2017-06-02 21:14:29', 25, 0, 0, 0, 0, 0, 0),
(119, '2017-06-02 21:14:29', 20, 0, 0, 0, 0, 0, 0),
(120, '2017-06-02 21:14:29', 42, 0, 0, 0, 1, 0, 1),
(121, '2017-06-02 21:14:29', 136, 0, 0, 0, 1, 0, 1),
(122, '2017-06-02 21:14:29', 142, 0, 0, 0, 0, 0, 0),
(123, '2017-06-02 21:14:29', 111, 11, 0, 0, 50, 0, 61),
(124, '2017-06-02 21:14:29', 24, 0, 0, 0, 90, 0, 90),
(125, '2017-06-02 21:14:29', 193, 0, 0, 0, 2, 0, 2),
(126, '2017-06-02 21:14:29', 230, 0, 0, 0, 0, 0, 0),
(127, '2017-06-02 21:14:29', 32, 2, 0, 0, 7, 0, 9),
(128, '2017-06-02 21:14:29', 214, 0, 0, 0, 0, 0, 0),
(129, '2017-06-02 21:14:29', 48, 22, 0, 0, 12, 0, 34),
(130, '2017-06-02 21:14:29', 150, 0, 0, 0, 0, 0, 0),
(131, '2017-06-02 21:14:29', 151, 0, 0, 0, 0, 0, 0),
(132, '2017-06-02 21:14:29', 37, 1, 0, 0, 11, 0, 12),
(133, '2017-06-02 21:14:29', 198, 0, 0, 0, 0, 0, 0),
(134, '2017-06-02 21:14:29', 215, 0, 0, 0, 6, 0, 6),
(135, '2017-06-02 21:14:29', 216, 0, 0, 0, 2, 0, 2),
(136, '2017-06-02 21:14:29', 154, 0, 0, 0, 0, 0, 0),
(137, '2017-06-02 21:14:29', 153, 0, 0, 0, 0, 0, 0),
(138, '2017-06-02 21:14:29', 39, 2, 0, 0, 0, 0, 2),
(139, '2017-06-02 21:14:29', 110, 15, 0, 0, 26, 0, 41),
(140, '2017-06-02 21:14:29', 93, 8, 0, 0, 0, 0, 8),
(141, '2017-06-02 21:14:29', 156, 0, 0, 0, 0, 0, 0),
(142, '2017-06-02 21:14:29', 213, 0, 0, 0, 4, 0, 4),
(143, '2017-06-02 21:14:29', 189, 0, 0, 0, 1, 3, 4),
(144, '2017-06-02 21:14:29', 200, 0, 0, 0, 1, 0, 1),
(145, '2017-06-02 21:14:29', 212, 0, 0, 0, 0, 0, 0),
(146, '2017-06-02 21:14:29', 211, 0, 0, 0, 2, 0, 2),
(147, '2017-06-02 21:14:29', 210, 0, 0, 0, 3, 0, 3),
(148, '2017-06-02 21:14:29', 146, 0, 0, 0, 0, 0, 0),
(149, '2017-06-02 21:14:29', 109, 5, 0, 0, 16, 0, 21),
(150, '2017-06-02 21:14:29', 112, 0, 0, 0, 2, 0, 2),
(151, '2017-06-02 21:14:29', 19, 2, 0, 0, 0, 0, 2),
(152, '2017-06-02 21:14:29', 106, 0, 0, 0, 8, 0, 8),
(153, '2017-06-02 21:14:29', 122, 12, 0, 0, 10, 0, 22),
(154, '2017-06-02 21:14:29', 103, 0, 0, 0, 16, 0, 16),
(155, '2017-06-02 21:14:29', 102, 0, 0, 0, 1, 0, 1),
(156, '2017-06-02 21:14:29', 170, 0, 0, 0, 0, 0, 0),
(157, '2017-06-02 21:14:29', 90, 15, 0, 0, 22, 0, 37),
(158, '2017-06-02 21:14:29', 222, 0, 0, 0, 0, 0, 0),
(159, '2017-06-02 21:14:29', 224, 0, 0, 0, 0, 0, 0),
(160, '2017-06-02 21:14:29', 225, 0, 0, 0, 0, 0, 0),
(161, '2017-06-02 21:14:29', 105, 1, 0, 0, 2, 0, 3),
(162, '2017-06-02 21:14:29', 41, 1, 0, 0, 0, 0, 1),
(163, '2017-06-02 21:14:29', 203, 0, 0, 0, 4, 0, 4),
(164, '2017-06-02 21:14:29', 49, 3, 0, 0, 0, 0, 3),
(165, '2017-06-02 21:14:29', 127, 4, 0, 0, 5, 0, 9),
(166, '2017-06-02 21:14:29', 128, 2, 0, 0, 4, 24, 30),
(167, '2017-06-02 21:14:29', 124, 3, 0, 0, 2, 0, 5),
(168, '2017-06-02 21:14:29', 46, 2, 0, 0, 2, 0, 4),
(169, '2017-06-02 21:14:29', 94, 0, 0, 0, 15, 0, 15),
(170, '2017-06-02 21:14:29', 62, 0, 0, 0, 0, 0, 0),
(171, '2017-06-02 21:14:29', 61, 0, 0, 0, 0, 0, 0),
(172, '2017-06-02 21:14:29', 157, 0, 0, 0, 0, 0, 0),
(173, '2017-06-02 21:14:29', 162, 0, 0, 0, 0, 0, 0),
(174, '2017-06-02 21:14:29', 114, 0, 0, 0, 0, 0, 0),
(175, '2017-06-02 21:14:29', 220, 0, 0, 0, 0, 0, 0),
(176, '2017-06-02 21:14:29', 228, 0, 0, 0, 0, 0, 0),
(177, '2017-06-02 21:14:29', 223, 0, 0, 0, 0, 0, 0),
(178, '2017-06-02 21:14:29', 221, 0, 0, 0, 0, 0, 0),
(179, '2017-06-02 21:14:29', 54, 0, 0, 0, 0, 0, 0),
(180, '2017-06-02 21:14:29', 57, 0, 0, 0, 0, 0, 0),
(181, '2017-06-02 21:14:29', 30, 7, 0, 0, 0, 0, 7),
(182, '2017-06-02 21:14:29', 149, 0, 0, 0, 0, 0, 0),
(183, '2017-06-02 21:14:29', 148, 0, 0, 0, 0, 0, 0),
(184, '2017-06-02 21:14:29', 229, 0, 0, 0, 0, 0, 0),
(185, '2017-06-02 21:14:29', 21, 0, 0, 0, 0, 0, 0),
(186, '2017-06-02 21:14:29', 163, 0, 0, 0, 0, 0, 0),
(187, '2017-06-02 21:14:29', 186, 0, 0, 0, 0, 0, 0),
(188, '2017-06-02 21:14:29', 184, 0, 0, 0, 0, 0, 0),
(189, '2017-06-02 21:14:29', 185, 0, 0, 0, 0, 0, 0),
(190, '2017-06-02 21:14:29', 187, 0, 0, 0, 0, 0, 0),
(191, '2017-06-02 21:14:29', 88, 2, 0, 0, 5, 0, 7),
(192, '2017-06-02 21:14:29', 158, 0, 0, 0, 0, 0, 0),
(193, '2017-06-02 21:14:29', 202, 0, 0, 0, 2, 0, 2),
(194, '2017-06-02 21:14:29', 123, 2, 0, 0, 1, 0, 3),
(195, '2017-06-02 21:14:29', 194, 0, 0, 0, 3, 0, 3),
(196, '2017-06-02 21:14:29', 97, 12, 0, 0, 5, 0, 17),
(197, '2017-06-02 21:14:29', 89, 0, 0, 0, 22, 0, 22),
(198, '2017-06-02 21:14:29', 33, 1, 0, 0, 1, 0, 2),
(199, '2017-06-02 21:14:29', 199, 0, 0, 0, 0, 0, 0),
(200, '2017-06-02 21:14:29', 129, 2, 0, 0, 2, 0, 4),
(201, '2017-06-02 21:14:29', 131, 2, 0, 0, 3, 0, 5),
(202, '2017-06-02 21:14:29', 130, 4, 0, 0, 3, 0, 7),
(203, '2017-06-02 21:14:29', 173, 0, 0, 0, 0, 0, 0),
(204, '2017-06-02 21:14:29', 175, 0, 0, 0, 0, 0, 0),
(205, '2017-06-02 21:14:29', 174, 0, 0, 0, 0, 0, 0),
(206, '2017-06-02 21:14:29', 176, 0, 0, 0, 0, 0, 0),
(207, '2017-06-02 21:14:29', 197, 0, 0, 0, 3, 0, 3),
(208, '2017-06-02 21:14:29', 208, 0, 0, 0, 5, 0, 5),
(209, '2017-06-02 21:15:36', 91, 0, 0, 0, 0, 0, 0),
(210, '2017-06-02 21:15:36', 140, 0, 0, 0, 30, 0, 30),
(211, '2017-06-02 21:15:36', 139, 0, 0, 0, 5, 0, 5),
(212, '2017-06-02 21:15:36', 133, 1, 0, 0, 1, 0, 2),
(213, '2017-06-02 21:15:36', 132, 0, 0, 0, 1, 0, 1),
(214, '2017-06-02 21:15:36', 217, 0, 0, 0, 0, 0, 0),
(215, '2017-06-02 21:15:36', 144, 0, 0, 0, 2, 0, 2),
(216, '2017-06-02 21:15:36', 60, 0, 0, 0, 0, 0, 0),
(217, '2017-06-02 21:15:36', 59, 0, 0, 0, 0, 0, 0),
(218, '2017-06-02 21:15:36', 155, 0, 0, 0, 0, 0, 0),
(219, '2017-06-02 21:15:36', 99, 0, 0, 0, 0, 0, 0),
(220, '2017-06-02 21:15:36', 119, 4, 0, 0, 4, 0, 8),
(221, '2017-06-02 21:15:36', 207, 0, 0, 0, 0, 0, 0),
(222, '2017-06-02 21:15:36', 95, 0, 0, 0, 1, 0, 1),
(223, '2017-06-02 21:15:36', 63, 0, 0, 0, 0, 0, 0),
(224, '2017-06-02 21:15:36', 68, 0, 0, 0, 0, 0, 0),
(225, '2017-06-02 21:15:36', 64, 0, 0, 0, 0, 0, 0),
(226, '2017-06-02 21:15:36', 67, 0, 0, 0, 0, 0, 0),
(227, '2017-06-02 21:15:36', 65, 0, 0, 0, 0, 0, 0),
(228, '2017-06-02 21:15:36', 66, 0, 0, 0, 0, 0, 0),
(229, '2017-06-02 21:15:36', 134, 0, 0, 0, 7, 0, 7),
(230, '2017-06-02 21:15:36', 118, 0, 0, 0, 17, 0, 17),
(231, '2017-06-02 21:15:36', 145, 0, 0, 0, 11, 0, 11),
(232, '2017-06-02 21:15:36', 126, 10, 0, 0, 6, 10, 26),
(233, '2017-06-02 21:15:36', 166, 0, 0, 0, 0, 0, 0),
(234, '2017-06-02 21:15:36', 104, 0, 0, 0, 1, 0, 1),
(235, '2017-06-02 21:15:36', 196, 0, 0, 0, 2, 0, 2),
(236, '2017-06-02 21:15:36', 98, 0, 0, 0, 0, 0, 0),
(237, '2017-06-02 21:15:36', 209, 0, 0, 0, 3, 0, 3),
(238, '2017-06-02 21:15:36', 108, 0, 0, 0, 0, 0, 0),
(239, '2017-06-02 21:15:36', 22, 0, 0, 0, 0, 0, 0),
(240, '2017-06-02 21:15:36', 38, 6, 0, 0, 15, 0, 21),
(241, '2017-06-02 21:15:36', 113, 0, 0, 0, 2, 0, 2),
(242, '2017-06-02 21:15:36', 206, 0, 0, 0, 0, 0, 0),
(243, '2017-06-02 21:15:36', 159, 0, 0, 0, 0, 0, 0),
(244, '2017-06-02 21:15:36', 152, 0, 0, 0, 0, 0, 0),
(245, '2017-06-02 21:15:36', 69, 0, 0, 0, 0, 0, 0),
(246, '2017-06-02 21:15:36', 71, 0, 0, 0, 0, 0, 0),
(247, '2017-06-02 21:15:36', 70, 0, 0, 0, 0, 0, 0),
(248, '2017-06-02 21:15:36', 165, 0, 0, 0, 0, 0, 0),
(249, '2017-06-02 21:15:36', 164, 0, 0, 0, 0, 0, 0),
(250, '2017-06-02 21:15:36', 87, 0, 0, 0, 0, 0, 0),
(251, '2017-06-02 21:15:36', 96, 0, 0, 0, 0, 0, 0),
(252, '2017-06-02 21:15:36', 227, 0, 0, 0, 0, 0, 0),
(253, '2017-06-02 21:15:36', 115, 0, 0, 0, 2, 0, 2),
(254, '2017-06-02 21:15:36', 3, 2, 0, 0, 1, 0, 3),
(255, '2017-06-02 21:15:36', 51, 1, 0, 0, 0, 0, 1),
(256, '2017-06-02 21:15:36', 147, 0, 0, 0, 0, 0, 0),
(257, '2017-06-02 21:15:36', 218, 0, 0, 0, 4, 0, 4),
(258, '2017-06-02 21:15:36', 117, 6, 0, 0, 3, 0, 9),
(259, '2017-06-02 21:15:36', 201, 0, 0, 0, 200, 0, 200),
(260, '2017-06-02 21:15:36', 160, 0, 0, 0, 0, 0, 0),
(261, '2017-06-02 21:15:36', 116, 6, 0, 0, 5, 24, 35),
(262, '2017-06-02 21:15:36', 182, 0, 0, 0, 0, 0, 0),
(263, '2017-06-02 21:15:36', 181, 0, 0, 0, 0, 0, 0),
(264, '2017-06-02 21:15:36', 53, 0, 0, 0, 0, 0, 0),
(265, '2017-06-02 21:15:36', 55, 0, 0, 0, 0, 0, 0),
(266, '2017-06-02 21:15:36', 56, 0, 0, 0, 0, 0, 0),
(267, '2017-06-02 21:15:36', 205, 0, 0, 0, 0, 0, 0),
(268, '2017-06-02 21:15:36', 101, 0, 0, 0, 10, 0, 10),
(269, '2017-06-02 21:15:36', 180, 0, 0, 0, 0, 0, 0),
(270, '2017-06-02 21:15:36', 172, 0, 0, 0, 0, 0, 0),
(271, '2017-06-02 21:15:36', 171, 0, 0, 0, 0, 0, 0),
(272, '2017-06-02 21:15:36', 120, 0, 0, 0, 0, 0, 0),
(273, '2017-06-02 21:15:36', 121, 5, 0, 0, 3, 0, 8),
(274, '2017-06-02 21:15:36', 167, 0, 0, 0, 0, 0, 0),
(275, '2017-06-02 21:15:36', 58, 0, 0, 0, 0, 0, 0),
(276, '2017-06-02 21:15:36', 40, 0, 0, 0, 1, 0, 1),
(277, '2017-06-02 21:15:36', 192, 0, 0, 0, 0, 0, 0),
(278, '2017-06-02 21:15:36', 137, 10, 0, 0, 1, 0, 11),
(279, '2017-06-02 21:15:36', 73, 0, 0, 0, 0, 0, 0),
(280, '2017-06-02 21:15:36', 74, 0, 0, 0, 0, 0, 0),
(281, '2017-06-02 21:15:36', 72, 0, 0, 0, 0, 0, 0),
(282, '2017-06-02 21:15:36', 219, 0, 0, 0, 9, 0, 9),
(283, '2017-06-02 21:15:36', 80, 0, 0, 0, 0, 0, 0),
(284, '2017-06-02 21:15:36', 79, 0, 0, 0, 0, 0, 0),
(285, '2017-06-02 21:15:36', 82, 0, 0, 0, 0, 0, 0),
(286, '2017-06-02 21:15:36', 81, 0, 0, 0, 0, 0, 0),
(287, '2017-06-02 21:15:36', 76, 0, 0, 0, 0, 0, 0),
(288, '2017-06-02 21:15:36', 75, 0, 0, 0, 0, 0, 0),
(289, '2017-06-02 21:15:36', 78, 0, 0, 0, 0, 0, 0),
(290, '2017-06-02 21:15:36', 77, 0, 0, 0, 0, 0, 0),
(291, '2017-06-02 21:15:36', 84, 0, 0, 0, 0, 0, 0),
(292, '2017-06-02 21:15:36', 83, 0, 0, 0, 0, 0, 0),
(293, '2017-06-02 21:15:36', 34, 0, 0, 0, 3, 0, 3),
(294, '2017-06-02 21:15:36', 35, 1, 0, 0, 3, 0, 4),
(295, '2017-06-02 21:15:36', 178, 0, 0, 0, 0, 0, 0),
(296, '2017-06-02 21:15:36', 177, 0, 0, 0, 0, 0, 0),
(297, '2017-06-02 21:15:36', 143, 0, 0, 0, 0, 0, 0),
(298, '2017-06-02 21:15:36', 191, 0, 0, 0, 1, 3, 4),
(299, '2017-06-02 21:15:36', 86, 1, 0, 0, 12, 0, 13),
(300, '2017-06-02 21:15:36', 226, 0, 0, 0, 0, 0, 0),
(301, '2017-06-02 21:15:36', 183, 0, 0, 0, 0, 34, 34),
(302, '2017-06-02 21:15:36', 188, 0, 0, 0, 0, 0, 0),
(303, '2017-06-02 21:15:36', 204, 0, 0, 0, 6, 0, 6),
(304, '2017-06-02 21:15:36', 161, 0, 0, 0, 0, 0, 0),
(305, '2017-06-02 21:15:36', 45, 0, 0, 0, 1, 0, 1),
(306, '2017-06-02 21:15:36', 107, 0, 0, 0, 0, 0, 0),
(307, '2017-06-02 21:15:36', 195, 0, 0, 0, 3, 0, 3),
(308, '2017-06-02 21:15:36', 18, 3, 0, 0, 2, 0, 5),
(309, '2017-06-02 21:15:36', 138, 5, 0, 0, 1, 0, 6),
(310, '2017-06-02 21:15:36', 50, 0, 0, 0, 8, 0, 8),
(311, '2017-06-02 21:15:36', 169, 0, 0, 0, 0, 0, 0),
(312, '2017-06-02 21:15:36', 190, 0, 0, 0, 0, 2, 2),
(313, '2017-06-02 21:15:36', 4, 1, 0, 0, 1, 0, 2),
(314, '2017-06-02 21:15:36', 17, 4, 0, 0, 0, 0, 4),
(315, '2017-06-02 21:15:36', 135, 1, 0, 0, 2, 0, 3),
(316, '2017-06-02 21:15:36', 141, 0, 0, 0, 0, 0, 0),
(317, '2017-06-02 21:15:36', 100, 0, 0, 0, 0, 0, 0),
(318, '2017-06-02 21:15:36', 179, 0, 0, 0, 0, 0, 0),
(319, '2017-06-02 21:15:36', 85, 15, 0, 0, 1, 0, 16),
(320, '2017-06-02 21:15:36', 92, 4, 0, 0, 2, 0, 6),
(321, '2017-06-02 21:15:36', 168, 0, 0, 0, 0, 0, 0),
(322, '2017-06-02 21:15:36', 125, 3, 0, 0, 0, 0, 3),
(323, '2017-06-02 21:15:36', 47, 1, 0, 0, 2, 0, 3),
(324, '2017-06-02 21:15:36', 36, 0, 0, 0, 1, 0, 1),
(325, '2017-06-02 21:15:36', 23, 67, 0, 20, 0, 0, 87),
(326, '2017-06-02 21:15:36', 25, 0, 0, 0, 0, 0, 0),
(327, '2017-06-02 21:15:36', 20, 0, 0, 0, 0, 0, 0),
(328, '2017-06-02 21:15:36', 42, 0, 0, 0, 1, 0, 1),
(329, '2017-06-02 21:15:36', 136, 0, 0, 0, 1, 0, 1),
(330, '2017-06-02 21:15:36', 142, 0, 0, 0, 0, 0, 0),
(331, '2017-06-02 21:15:36', 111, 11, 0, 0, 50, 0, 61),
(332, '2017-06-02 21:15:36', 24, 0, 0, 0, 90, 0, 90),
(333, '2017-06-02 21:15:36', 193, 0, 0, 0, 2, 0, 2),
(334, '2017-06-02 21:15:36', 230, 0, 0, 0, 0, 0, 0),
(335, '2017-06-02 21:15:36', 32, 2, 0, 0, 7, 0, 9),
(336, '2017-06-02 21:15:36', 214, 0, 0, 0, 0, 0, 0),
(337, '2017-06-02 21:15:36', 48, 22, 0, 0, 12, 0, 34),
(338, '2017-06-02 21:15:36', 150, 0, 0, 0, 0, 0, 0),
(339, '2017-06-02 21:15:36', 151, 0, 0, 0, 0, 0, 0),
(340, '2017-06-02 21:15:36', 37, 1, 0, 0, 11, 0, 12),
(341, '2017-06-02 21:15:36', 198, 0, 0, 0, 0, 0, 0),
(342, '2017-06-02 21:15:36', 215, 0, 0, 0, 6, 0, 6),
(343, '2017-06-02 21:15:36', 216, 0, 0, 0, 2, 0, 2),
(344, '2017-06-02 21:15:36', 154, 0, 0, 0, 0, 0, 0),
(345, '2017-06-02 21:15:36', 153, 0, 0, 0, 0, 0, 0),
(346, '2017-06-02 21:15:36', 39, 2, 0, 0, 0, 0, 2),
(347, '2017-06-02 21:15:36', 110, 15, 0, 0, 26, 0, 41),
(348, '2017-06-02 21:15:36', 93, 8, 0, 0, 0, 0, 8),
(349, '2017-06-02 21:15:36', 156, 0, 0, 0, 0, 0, 0),
(350, '2017-06-02 21:15:36', 213, 0, 0, 0, 4, 0, 4),
(351, '2017-06-02 21:15:36', 189, 0, 0, 0, 1, 3, 4),
(352, '2017-06-02 21:15:36', 200, 0, 0, 0, 1, 0, 1),
(353, '2017-06-02 21:15:36', 212, 0, 0, 0, 0, 0, 0),
(354, '2017-06-02 21:15:36', 211, 0, 0, 0, 2, 0, 2),
(355, '2017-06-02 21:15:36', 210, 0, 0, 0, 3, 0, 3),
(356, '2017-06-02 21:15:36', 146, 0, 0, 0, 0, 0, 0),
(357, '2017-06-02 21:15:36', 109, 5, 0, 0, 16, 0, 21),
(358, '2017-06-02 21:15:36', 112, 0, 0, 0, 2, 0, 2),
(359, '2017-06-02 21:15:36', 19, 2, 0, 0, 0, 0, 2),
(360, '2017-06-02 21:15:36', 106, 0, 0, 0, 8, 0, 8),
(361, '2017-06-02 21:15:36', 122, 12, 0, 0, 10, 0, 22),
(362, '2017-06-02 21:15:36', 103, 0, 0, 0, 16, 0, 16),
(363, '2017-06-02 21:15:36', 102, 0, 0, 0, 1, 0, 1),
(364, '2017-06-02 21:15:36', 170, 0, 0, 0, 0, 0, 0),
(365, '2017-06-02 21:15:36', 90, 15, 0, 0, 22, 0, 37),
(366, '2017-06-02 21:15:36', 222, 0, 0, 0, 0, 0, 0),
(367, '2017-06-02 21:15:36', 224, 0, 0, 0, 0, 0, 0),
(368, '2017-06-02 21:15:36', 225, 0, 0, 0, 0, 0, 0),
(369, '2017-06-02 21:15:36', 105, 1, 0, 0, 2, 0, 3),
(370, '2017-06-02 21:15:36', 41, 1, 0, 0, 0, 0, 1),
(371, '2017-06-02 21:15:36', 203, 0, 0, 0, 4, 0, 4),
(372, '2017-06-02 21:15:36', 49, 3, 0, 0, 0, 0, 3),
(373, '2017-06-02 21:15:36', 127, 4, 0, 0, 5, 0, 9),
(374, '2017-06-02 21:15:36', 128, 2, 0, 0, 4, 24, 30),
(375, '2017-06-02 21:15:36', 124, 3, 0, 0, 2, 0, 5),
(376, '2017-06-02 21:15:36', 46, 2, 0, 0, 2, 0, 4),
(377, '2017-06-02 21:15:36', 94, 0, 0, 0, 15, 0, 15),
(378, '2017-06-02 21:15:36', 62, 0, 0, 0, 0, 0, 0),
(379, '2017-06-02 21:15:36', 61, 0, 0, 0, 0, 0, 0),
(380, '2017-06-02 21:15:36', 157, 0, 0, 0, 0, 0, 0),
(381, '2017-06-02 21:15:36', 162, 0, 0, 0, 0, 0, 0),
(382, '2017-06-02 21:15:36', 114, 0, 0, 0, 0, 0, 0),
(383, '2017-06-02 21:15:36', 220, 0, 0, 0, 0, 0, 0),
(384, '2017-06-02 21:15:36', 228, 0, 0, 0, 0, 0, 0),
(385, '2017-06-02 21:15:36', 223, 0, 0, 0, 0, 0, 0),
(386, '2017-06-02 21:15:36', 221, 0, 0, 0, 0, 0, 0),
(387, '2017-06-02 21:15:36', 54, 0, 0, 0, 0, 0, 0),
(388, '2017-06-02 21:15:36', 57, 0, 0, 0, 0, 0, 0),
(389, '2017-06-02 21:15:36', 30, 7, 0, 0, 0, 0, 7),
(390, '2017-06-02 21:15:36', 149, 0, 0, 0, 0, 0, 0),
(391, '2017-06-02 21:15:36', 148, 0, 0, 0, 0, 0, 0),
(392, '2017-06-02 21:15:36', 229, 0, 0, 0, 0, 0, 0),
(393, '2017-06-02 21:15:36', 21, 0, 0, 0, 0, 0, 0),
(394, '2017-06-02 21:15:36', 163, 0, 0, 0, 0, 0, 0),
(395, '2017-06-02 21:15:36', 186, 0, 0, 0, 0, 0, 0),
(396, '2017-06-02 21:15:36', 184, 0, 0, 0, 0, 0, 0),
(397, '2017-06-02 21:15:36', 185, 0, 0, 0, 0, 0, 0),
(398, '2017-06-02 21:15:36', 187, 0, 0, 0, 0, 0, 0),
(399, '2017-06-02 21:15:36', 88, 2, 0, 0, 5, 0, 7),
(400, '2017-06-02 21:15:36', 158, 0, 0, 0, 0, 0, 0),
(401, '2017-06-02 21:15:36', 202, 0, 0, 0, 2, 0, 2),
(402, '2017-06-02 21:15:36', 123, 2, 0, 0, 1, 0, 3),
(403, '2017-06-02 21:15:36', 194, 0, 0, 0, 3, 0, 3),
(404, '2017-06-02 21:15:36', 97, 12, 0, 0, 5, 0, 17),
(405, '2017-06-02 21:15:36', 89, 0, 0, 0, 22, 0, 22),
(406, '2017-06-02 21:15:36', 33, 1, 0, 0, 1, 0, 2),
(407, '2017-06-02 21:15:36', 199, 0, 0, 0, 0, 0, 0),
(408, '2017-06-02 21:15:36', 129, 2, 0, 0, 2, 0, 4),
(409, '2017-06-02 21:15:36', 131, 2, 0, 0, 3, 0, 5),
(410, '2017-06-02 21:15:36', 130, 4, 0, 0, 3, 0, 7),
(411, '2017-06-02 21:15:36', 173, 0, 0, 0, 0, 0, 0),
(412, '2017-06-02 21:15:36', 175, 0, 0, 0, 0, 0, 0),
(413, '2017-06-02 21:15:36', 174, 0, 0, 0, 0, 0, 0),
(414, '2017-06-02 21:15:36', 176, 0, 0, 0, 0, 0, 0),
(415, '2017-06-02 21:15:36', 197, 0, 0, 0, 3, 0, 3),
(416, '2017-06-02 21:15:36', 208, 0, 0, 0, 5, 0, 5),
(417, '2017-06-02 22:15:46', 91, 0, 0, 0, 0, 0, 0),
(418, '2017-06-02 22:15:46', 140, 0, 0, 0, 30, 0, 30),
(419, '2017-06-02 22:15:46', 139, 0, 0, 0, 5, 0, 5),
(420, '2017-06-02 22:15:46', 133, 1, 0, 0, 1, 0, 2),
(421, '2017-06-02 22:15:46', 132, 0, 0, 0, 1, 0, 1),
(422, '2017-06-02 22:15:46', 217, 0, 0, 0, 0, 0, 0),
(423, '2017-06-02 22:15:46', 144, 0, 0, 0, 2, 0, 2),
(424, '2017-06-02 22:15:46', 60, 0, 0, 0, 0, 0, 0),
(425, '2017-06-02 22:15:46', 59, 0, 0, 0, 0, 0, 0),
(426, '2017-06-02 22:15:46', 155, 0, 0, 0, 0, 0, 0),
(427, '2017-06-02 22:15:46', 99, 0, 0, 0, 0, 0, 0),
(428, '2017-06-02 22:15:46', 119, 4, 0, 0, 4, 0, 8),
(429, '2017-06-02 22:15:46', 207, 0, 0, 0, 0, 0, 0),
(430, '2017-06-02 22:15:46', 95, 0, 0, 0, 1, 0, 1),
(431, '2017-06-02 22:15:46', 63, 0, 0, 0, 0, 0, 0),
(432, '2017-06-02 22:15:46', 68, 0, 0, 0, 0, 0, 0),
(433, '2017-06-02 22:15:46', 64, 0, 0, 0, 0, 0, 0),
(434, '2017-06-02 22:15:46', 67, 0, 0, 0, 0, 0, 0),
(435, '2017-06-02 22:15:46', 65, 0, 0, 0, 0, 0, 0),
(436, '2017-06-02 22:15:46', 66, 0, 0, 0, 0, 0, 0),
(437, '2017-06-02 22:15:46', 134, 0, 0, 0, 7, 0, 7),
(438, '2017-06-02 22:15:46', 118, 0, 0, 0, 17, 0, 17),
(439, '2017-06-02 22:15:46', 145, 0, 0, 0, 11, 0, 11),
(440, '2017-06-02 22:15:46', 126, 10, 0, 0, 6, 10, 26),
(441, '2017-06-02 22:15:46', 166, 0, 0, 0, 0, 0, 0),
(442, '2017-06-02 22:15:46', 104, 0, 0, 0, 1, 0, 1),
(443, '2017-06-02 22:15:46', 196, 0, 0, 0, 2, 0, 2),
(444, '2017-06-02 22:15:46', 98, 0, 0, 0, 0, 0, 0),
(445, '2017-06-02 22:15:46', 209, 0, 0, 0, 3, 0, 3),
(446, '2017-06-02 22:15:46', 108, 0, 0, 0, 0, 0, 0),
(447, '2017-06-02 22:15:46', 22, 0, 0, 0, 0, 0, 0),
(448, '2017-06-02 22:15:46', 38, 6, 0, 0, 15, 0, 21),
(449, '2017-06-02 22:15:46', 113, 0, 0, 0, 2, 0, 2),
(450, '2017-06-02 22:15:46', 206, 0, 0, 0, 0, 0, 0),
(451, '2017-06-02 22:15:46', 159, 0, 0, 0, 0, 0, 0),
(452, '2017-06-02 22:15:46', 152, 0, 0, 0, 0, 0, 0),
(453, '2017-06-02 22:15:46', 69, 0, 0, 0, 0, 0, 0),
(454, '2017-06-02 22:15:46', 71, 0, 0, 0, 0, 0, 0),
(455, '2017-06-02 22:15:46', 70, 0, 0, 0, 0, 0, 0),
(456, '2017-06-02 22:15:46', 165, 0, 0, 0, 0, 0, 0),
(457, '2017-06-02 22:15:46', 164, 0, 0, 0, 0, 0, 0),
(458, '2017-06-02 22:15:46', 87, 0, 0, 0, 0, 0, 0),
(459, '2017-06-02 22:15:46', 96, 0, 0, 0, 0, 0, 0),
(460, '2017-06-02 22:15:46', 227, 0, 0, 0, 0, 0, 0),
(461, '2017-06-02 22:15:46', 115, 0, 0, 0, 2, 0, 2),
(462, '2017-06-02 22:15:46', 3, 2, 0, 0, 1, 0, 3),
(463, '2017-06-02 22:15:46', 51, 1, 0, 0, 0, 0, 1),
(464, '2017-06-02 22:15:46', 147, 0, 0, 0, 0, 0, 0),
(465, '2017-06-02 22:15:46', 218, 0, 0, 0, 4, 0, 4),
(466, '2017-06-02 22:15:46', 117, 6, 0, 0, 3, 0, 9),
(467, '2017-06-02 22:15:46', 201, 0, 0, 0, 200, 0, 200),
(468, '2017-06-02 22:15:46', 160, 0, 0, 0, 0, 0, 0),
(469, '2017-06-02 22:15:46', 116, 6, 0, 0, 5, 24, 35),
(470, '2017-06-02 22:15:46', 182, 0, 0, 0, 0, 0, 0),
(471, '2017-06-02 22:15:46', 181, 0, 0, 0, 0, 0, 0),
(472, '2017-06-02 22:15:46', 53, 0, 0, 0, 0, 0, 0),
(473, '2017-06-02 22:15:46', 55, 0, 0, 0, 0, 0, 0),
(474, '2017-06-02 22:15:46', 56, 0, 0, 0, 0, 0, 0),
(475, '2017-06-02 22:15:46', 205, 0, 0, 0, 0, 0, 0),
(476, '2017-06-02 22:15:46', 101, 0, 0, 0, 10, 0, 10),
(477, '2017-06-02 22:15:46', 180, 0, 0, 0, 0, 0, 0),
(478, '2017-06-02 22:15:46', 172, 0, 0, 0, 0, 0, 0),
(479, '2017-06-02 22:15:46', 171, 0, 0, 0, 0, 0, 0),
(480, '2017-06-02 22:15:46', 120, 0, 0, 0, 0, 0, 0),
(481, '2017-06-02 22:15:46', 121, 5, 0, 0, 3, 0, 8),
(482, '2017-06-02 22:15:46', 167, 0, 0, 0, 0, 0, 0),
(483, '2017-06-02 22:15:46', 58, 0, 0, 0, 0, 0, 0),
(484, '2017-06-02 22:15:46', 40, 0, 0, 0, 1, 0, 1),
(485, '2017-06-02 22:15:46', 192, 0, 0, 0, 0, 0, 0),
(486, '2017-06-02 22:15:46', 137, 10, 0, 0, 1, 0, 11),
(487, '2017-06-02 22:15:46', 73, 0, 0, 0, 0, 0, 0),
(488, '2017-06-02 22:15:46', 74, 0, 0, 0, 0, 0, 0),
(489, '2017-06-02 22:15:46', 72, 0, 0, 0, 0, 0, 0),
(490, '2017-06-02 22:15:46', 219, 0, 0, 0, 9, 0, 9),
(491, '2017-06-02 22:15:46', 80, 0, 0, 0, 0, 0, 0),
(492, '2017-06-02 22:15:46', 79, 0, 0, 0, 0, 0, 0),
(493, '2017-06-02 22:15:46', 82, 0, 0, 0, 0, 0, 0),
(494, '2017-06-02 22:15:46', 81, 0, 0, 0, 0, 0, 0),
(495, '2017-06-02 22:15:46', 76, 0, 0, 0, 0, 0, 0),
(496, '2017-06-02 22:15:46', 75, 0, 0, 0, 0, 0, 0),
(497, '2017-06-02 22:15:46', 78, 0, 0, 0, 0, 0, 0),
(498, '2017-06-02 22:15:46', 77, 0, 0, 0, 0, 0, 0),
(499, '2017-06-02 22:15:46', 84, 0, 0, 0, 0, 0, 0),
(500, '2017-06-02 22:15:46', 83, 0, 0, 0, 0, 0, 0),
(501, '2017-06-02 22:15:46', 34, 0, 0, 0, 3, 0, 3),
(502, '2017-06-02 22:15:46', 35, 1, 0, 0, 3, 0, 4),
(503, '2017-06-02 22:15:46', 178, 0, 0, 0, 0, 0, 0),
(504, '2017-06-02 22:15:46', 177, 0, 0, 0, 0, 0, 0),
(505, '2017-06-02 22:15:46', 143, 0, 0, 0, 0, 0, 0),
(506, '2017-06-02 22:15:46', 191, 0, 0, 0, 1, 3, 4),
(507, '2017-06-02 22:15:46', 86, 1, 0, 0, 12, 0, 13),
(508, '2017-06-02 22:15:46', 226, 0, 0, 0, 0, 0, 0),
(509, '2017-06-02 22:15:46', 183, 0, 0, 0, 0, 34, 34),
(510, '2017-06-02 22:15:46', 188, 0, 0, 0, 0, 0, 0),
(511, '2017-06-02 22:15:46', 204, 0, 0, 0, 6, 0, 6),
(512, '2017-06-02 22:15:46', 161, 0, 0, 0, 0, 0, 0),
(513, '2017-06-02 22:15:46', 45, 0, 0, 0, 1, 0, 1),
(514, '2017-06-02 22:15:46', 107, 0, 0, 0, 0, 0, 0),
(515, '2017-06-02 22:15:46', 195, 0, 0, 0, 3, 0, 3),
(516, '2017-06-02 22:15:46', 18, 3, 0, 0, 2, 0, 5),
(517, '2017-06-02 22:15:46', 138, 5, 0, 0, 1, 0, 6),
(518, '2017-06-02 22:15:46', 50, 0, 0, 0, 8, 0, 8),
(519, '2017-06-02 22:15:46', 169, 0, 0, 0, 0, 0, 0),
(520, '2017-06-02 22:15:46', 190, 0, 0, 0, 0, 2, 2),
(521, '2017-06-02 22:15:46', 4, 1, 0, 0, 1, 0, 2),
(522, '2017-06-02 22:15:46', 17, 4, 0, 0, 0, 0, 4),
(523, '2017-06-02 22:15:46', 135, 1, 0, 0, 2, 0, 3),
(524, '2017-06-02 22:15:46', 141, 0, 0, 0, 0, 0, 0),
(525, '2017-06-02 22:15:46', 100, 0, 0, 0, 0, 0, 0),
(526, '2017-06-02 22:15:46', 179, 0, 0, 0, 0, 0, 0),
(527, '2017-06-02 22:15:46', 85, 15, 0, 0, 1, 0, 16),
(528, '2017-06-02 22:15:46', 92, 4, 0, 0, 2, 0, 6),
(529, '2017-06-02 22:15:46', 168, 0, 0, 0, 0, 0, 0),
(530, '2017-06-02 22:15:46', 125, 3, 0, 0, 0, 0, 3),
(531, '2017-06-02 22:15:46', 47, 1, 0, 0, 2, 0, 3),
(532, '2017-06-02 22:15:46', 36, 0, 0, 0, 1, 0, 1),
(533, '2017-06-02 22:15:46', 23, 67, 0, 20, 0, 0, 87),
(534, '2017-06-02 22:15:46', 25, 0, 0, 0, 0, 0, 0),
(535, '2017-06-02 22:15:46', 20, 0, 0, 0, 0, 0, 0),
(536, '2017-06-02 22:15:46', 42, 0, 0, 0, 1, 0, 1),
(537, '2017-06-02 22:15:46', 136, 0, 0, 0, 1, 0, 1),
(538, '2017-06-02 22:15:46', 142, 0, 0, 0, 0, 0, 0),
(539, '2017-06-02 22:15:46', 111, 11, 0, 0, 50, 0, 61),
(540, '2017-06-02 22:15:46', 24, 0, 0, 0, 90, 0, 90),
(541, '2017-06-02 22:15:46', 193, 0, 0, 0, 2, 0, 2),
(542, '2017-06-02 22:15:46', 230, 0, 0, 0, 0, 0, 0),
(543, '2017-06-02 22:15:46', 32, 2, 0, 0, 7, 0, 9),
(544, '2017-06-02 22:15:46', 214, 0, 0, 0, 0, 0, 0),
(545, '2017-06-02 22:15:46', 48, 22, 0, 0, 12, 0, 34),
(546, '2017-06-02 22:15:46', 150, 0, 0, 0, 0, 0, 0),
(547, '2017-06-02 22:15:46', 151, 0, 0, 0, 0, 0, 0),
(548, '2017-06-02 22:15:46', 37, 1, 0, 0, 11, 0, 12),
(549, '2017-06-02 22:15:46', 198, 0, 0, 0, 0, 0, 0),
(550, '2017-06-02 22:15:46', 215, 0, 0, 0, 6, 0, 6),
(551, '2017-06-02 22:15:46', 216, 0, 0, 0, 2, 0, 2),
(552, '2017-06-02 22:15:46', 154, 0, 0, 0, 0, 0, 0),
(553, '2017-06-02 22:15:46', 153, 0, 0, 0, 0, 0, 0),
(554, '2017-06-02 22:15:46', 39, 2, 0, 0, 0, 0, 2),
(555, '2017-06-02 22:15:46', 110, 15, 0, 0, 26, 0, 41),
(556, '2017-06-02 22:15:46', 93, 8, 0, 0, 0, 0, 8),
(557, '2017-06-02 22:15:46', 156, 0, 0, 0, 0, 0, 0),
(558, '2017-06-02 22:15:46', 213, 0, 0, 0, 4, 0, 4),
(559, '2017-06-02 22:15:46', 189, 0, 0, 0, 1, 3, 4),
(560, '2017-06-02 22:15:46', 200, 0, 0, 0, 1, 0, 1),
(561, '2017-06-02 22:15:46', 212, 0, 0, 0, 0, 0, 0),
(562, '2017-06-02 22:15:46', 211, 0, 0, 0, 2, 0, 2),
(563, '2017-06-02 22:15:46', 210, 0, 0, 0, 3, 0, 3),
(564, '2017-06-02 22:15:46', 146, 0, 0, 0, 0, 0, 0),
(565, '2017-06-02 22:15:46', 109, 5, 0, 0, 16, 0, 21),
(566, '2017-06-02 22:15:46', 112, 0, 0, 0, 2, 0, 2),
(567, '2017-06-02 22:15:46', 19, 2, 0, 0, 0, 0, 2),
(568, '2017-06-02 22:15:46', 106, 0, 0, 0, 8, 0, 8),
(569, '2017-06-02 22:15:46', 122, 12, 0, 0, 10, 0, 22),
(570, '2017-06-02 22:15:46', 103, 0, 0, 0, 16, 0, 16),
(571, '2017-06-02 22:15:46', 102, 0, 0, 0, 1, 0, 1),
(572, '2017-06-02 22:15:46', 170, 0, 0, 0, 0, 0, 0),
(573, '2017-06-02 22:15:46', 90, 15, 0, 0, 22, 0, 37),
(574, '2017-06-02 22:15:46', 222, 0, 0, 0, 0, 0, 0),
(575, '2017-06-02 22:15:46', 224, 0, 0, 0, 0, 0, 0),
(576, '2017-06-02 22:15:46', 225, 0, 0, 0, 0, 0, 0),
(577, '2017-06-02 22:15:46', 105, 1, 0, 0, 2, 0, 3),
(578, '2017-06-02 22:15:46', 41, 1, 0, 0, 0, 0, 1),
(579, '2017-06-02 22:15:46', 203, 0, 0, 0, 4, 0, 4),
(580, '2017-06-02 22:15:46', 49, 3, 0, 0, 0, 0, 3),
(581, '2017-06-02 22:15:46', 127, 4, 0, 0, 5, 0, 9),
(582, '2017-06-02 22:15:46', 128, 2, 0, 0, 4, 24, 30),
(583, '2017-06-02 22:15:46', 124, 3, 0, 0, 2, 0, 5),
(584, '2017-06-02 22:15:46', 46, 2, 0, 0, 2, 0, 4),
(585, '2017-06-02 22:15:46', 94, 0, 0, 0, 15, 0, 15),
(586, '2017-06-02 22:15:46', 62, 0, 0, 0, 0, 0, 0),
(587, '2017-06-02 22:15:46', 61, 0, 0, 0, 0, 0, 0),
(588, '2017-06-02 22:15:46', 157, 0, 0, 0, 0, 0, 0),
(589, '2017-06-02 22:15:46', 162, 0, 0, 0, 0, 0, 0),
(590, '2017-06-02 22:15:46', 114, 0, 0, 0, 0, 0, 0),
(591, '2017-06-02 22:15:46', 220, 0, 0, 0, 0, 0, 0),
(592, '2017-06-02 22:15:46', 228, 0, 0, 0, 0, 0, 0),
(593, '2017-06-02 22:15:46', 223, 0, 0, 0, 0, 0, 0),
(594, '2017-06-02 22:15:46', 221, 0, 0, 0, 0, 0, 0),
(595, '2017-06-02 22:15:46', 54, 0, 0, 0, 0, 0, 0),
(596, '2017-06-02 22:15:46', 57, 0, 0, 0, 0, 0, 0),
(597, '2017-06-02 22:15:46', 30, 7, 0, 0, 0, 0, 7),
(598, '2017-06-02 22:15:46', 149, 0, 0, 0, 0, 0, 0),
(599, '2017-06-02 22:15:46', 148, 0, 0, 0, 0, 0, 0),
(600, '2017-06-02 22:15:46', 229, 0, 0, 0, 0, 0, 0),
(601, '2017-06-02 22:15:46', 21, 0, 0, 0, 0, 0, 0),
(602, '2017-06-02 22:15:46', 163, 0, 0, 0, 0, 0, 0),
(603, '2017-06-02 22:15:46', 186, 0, 0, 0, 0, 0, 0),
(604, '2017-06-02 22:15:46', 184, 0, 0, 0, 0, 0, 0),
(605, '2017-06-02 22:15:46', 185, 0, 0, 0, 0, 0, 0),
(606, '2017-06-02 22:15:46', 187, 0, 0, 0, 0, 0, 0),
(607, '2017-06-02 22:15:46', 88, 2, 0, 0, 5, 0, 7),
(608, '2017-06-02 22:15:46', 158, 0, 0, 0, 0, 0, 0),
(609, '2017-06-02 22:15:46', 202, 0, 0, 0, 2, 0, 2),
(610, '2017-06-02 22:15:46', 123, 2, 0, 0, 1, 0, 3),
(611, '2017-06-02 22:15:46', 194, 0, 0, 0, 3, 0, 3),
(612, '2017-06-02 22:15:46', 97, 12, 0, 0, 5, 0, 17),
(613, '2017-06-02 22:15:46', 89, 0, 0, 0, 22, 0, 22),
(614, '2017-06-02 22:15:46', 33, 1, 0, 0, 1, 0, 2),
(615, '2017-06-02 22:15:46', 199, 0, 0, 0, 0, 0, 0),
(616, '2017-06-02 22:15:46', 129, 2, 0, 0, 2, 0, 4),
(617, '2017-06-02 22:15:46', 131, 2, 0, 0, 3, 0, 5),
(618, '2017-06-02 22:15:46', 130, 4, 0, 0, 3, 0, 7),
(619, '2017-06-02 22:15:46', 173, 0, 0, 0, 0, 0, 0),
(620, '2017-06-02 22:15:46', 175, 0, 0, 0, 0, 0, 0),
(621, '2017-06-02 22:15:46', 174, 0, 0, 0, 0, 0, 0),
(622, '2017-06-02 22:15:46', 176, 0, 0, 0, 0, 0, 0),
(623, '2017-06-02 22:15:46', 197, 0, 0, 0, 3, 0, 3),
(624, '2017-06-02 22:15:46', 208, 0, 0, 0, 5, 0, 5),
(625, '2017-06-02 22:16:42', 91, 0, 0, 0, 0, 0, 0),
(626, '2017-06-02 22:16:42', 140, 0, 0, 0, 30, 0, 30),
(627, '2017-06-02 22:16:42', 139, 0, 0, 0, 5, 0, 5),
(628, '2017-06-02 22:16:42', 133, 1, 0, 0, 1, 0, 2),
(629, '2017-06-02 22:16:42', 132, 0, 0, 0, 1, 0, 1),
(630, '2017-06-02 22:16:42', 217, 0, 0, 0, 0, 0, 0),
(631, '2017-06-02 22:16:42', 144, 0, 0, 0, 2, 0, 2),
(632, '2017-06-02 22:16:42', 60, 0, 0, 0, 0, 0, 0),
(633, '2017-06-02 22:16:42', 59, 0, 0, 0, 0, 0, 0),
(634, '2017-06-02 22:16:42', 155, 0, 0, 0, 0, 0, 0),
(635, '2017-06-02 22:16:42', 99, 0, 0, 0, 0, 0, 0),
(636, '2017-06-02 22:16:42', 119, 4, 0, 0, 4, 0, 8),
(637, '2017-06-02 22:16:42', 207, 0, 0, 0, 0, 0, 0),
(638, '2017-06-02 22:16:42', 95, 0, 0, 0, 1, 0, 1),
(639, '2017-06-02 22:16:42', 63, 0, 0, 0, 0, 0, 0),
(640, '2017-06-02 22:16:42', 68, 0, 0, 0, 0, 0, 0),
(641, '2017-06-02 22:16:42', 64, 0, 0, 0, 0, 0, 0),
(642, '2017-06-02 22:16:42', 67, 0, 0, 0, 0, 0, 0),
(643, '2017-06-02 22:16:42', 65, 0, 0, 0, 0, 0, 0),
(644, '2017-06-02 22:16:42', 66, 0, 0, 0, 0, 0, 0),
(645, '2017-06-02 22:16:42', 134, 0, 0, 0, 7, 0, 7),
(646, '2017-06-02 22:16:42', 118, 0, 0, 0, 17, 0, 17),
(647, '2017-06-02 22:16:42', 145, 0, 0, 0, 11, 0, 11),
(648, '2017-06-02 22:16:42', 126, 10, 0, 0, 6, 10, 26),
(649, '2017-06-02 22:16:42', 166, 0, 0, 0, 0, 0, 0),
(650, '2017-06-02 22:16:42', 104, 0, 0, 0, 1, 0, 1),
(651, '2017-06-02 22:16:42', 196, 0, 0, 0, 2, 0, 2),
(652, '2017-06-02 22:16:42', 98, 0, 0, 0, 0, 0, 0),
(653, '2017-06-02 22:16:42', 209, 0, 0, 0, 3, 0, 3),
(654, '2017-06-02 22:16:42', 108, 0, 0, 0, 0, 0, 0),
(655, '2017-06-02 22:16:42', 22, 0, 0, 0, 0, 0, 0),
(656, '2017-06-02 22:16:42', 38, 6, 0, 0, 15, 0, 21),
(657, '2017-06-02 22:16:42', 113, 0, 0, 0, 2, 0, 2),
(658, '2017-06-02 22:16:42', 206, 0, 0, 0, 0, 0, 0),
(659, '2017-06-02 22:16:42', 159, 0, 0, 0, 0, 0, 0),
(660, '2017-06-02 22:16:42', 152, 0, 0, 0, 0, 0, 0),
(661, '2017-06-02 22:16:42', 69, 0, 0, 0, 0, 0, 0),
(662, '2017-06-02 22:16:42', 71, 0, 0, 0, 0, 0, 0),
(663, '2017-06-02 22:16:42', 70, 0, 0, 0, 0, 0, 0),
(664, '2017-06-02 22:16:42', 165, 0, 0, 0, 0, 0, 0),
(665, '2017-06-02 22:16:42', 164, 0, 0, 0, 0, 0, 0),
(666, '2017-06-02 22:16:42', 87, 0, 0, 0, 0, 0, 0),
(667, '2017-06-02 22:16:42', 96, 0, 0, 0, 0, 0, 0),
(668, '2017-06-02 22:16:42', 227, 0, 0, 0, 0, 0, 0),
(669, '2017-06-02 22:16:42', 115, 0, 0, 0, 2, 0, 2),
(670, '2017-06-02 22:16:42', 3, 2, 0, 0, 1, 0, 3),
(671, '2017-06-02 22:16:42', 51, 1, 0, 0, 0, 0, 1),
(672, '2017-06-02 22:16:42', 147, 0, 0, 0, 0, 0, 0),
(673, '2017-06-02 22:16:42', 218, 0, 0, 0, 4, 0, 4),
(674, '2017-06-02 22:16:42', 117, 6, 0, 0, 3, 0, 9),
(675, '2017-06-02 22:16:42', 201, 0, 0, 0, 200, 0, 200),
(676, '2017-06-02 22:16:42', 160, 0, 0, 0, 0, 0, 0),
(677, '2017-06-02 22:16:42', 116, 6, 0, 0, 5, 24, 35),
(678, '2017-06-02 22:16:42', 182, 0, 0, 0, 0, 0, 0),
(679, '2017-06-02 22:16:42', 181, 0, 0, 0, 0, 0, 0),
(680, '2017-06-02 22:16:42', 53, 0, 0, 0, 0, 0, 0),
(681, '2017-06-02 22:16:42', 55, 0, 0, 0, 0, 0, 0),
(682, '2017-06-02 22:16:42', 56, 0, 0, 0, 0, 0, 0),
(683, '2017-06-02 22:16:42', 205, 0, 0, 0, 0, 0, 0),
(684, '2017-06-02 22:16:42', 101, 0, 0, 0, 10, 0, 10),
(685, '2017-06-02 22:16:42', 180, 0, 0, 0, 0, 0, 0),
(686, '2017-06-02 22:16:42', 172, 0, 0, 0, 0, 0, 0),
(687, '2017-06-02 22:16:42', 171, 0, 0, 0, 0, 0, 0),
(688, '2017-06-02 22:16:42', 120, 0, 0, 0, 0, 0, 0),
(689, '2017-06-02 22:16:42', 121, 5, 0, 0, 3, 0, 8),
(690, '2017-06-02 22:16:42', 167, 0, 0, 0, 0, 0, 0),
(691, '2017-06-02 22:16:42', 58, 0, 0, 0, 0, 0, 0),
(692, '2017-06-02 22:16:42', 40, 0, 0, 0, 1, 0, 1),
(693, '2017-06-02 22:16:42', 192, 0, 0, 0, 0, 0, 0),
(694, '2017-06-02 22:16:42', 137, 10, 0, 0, 1, 0, 11),
(695, '2017-06-02 22:16:42', 73, 0, 0, 0, 0, 0, 0),
(696, '2017-06-02 22:16:42', 74, 0, 0, 0, 0, 0, 0),
(697, '2017-06-02 22:16:42', 72, 0, 0, 0, 0, 0, 0),
(698, '2017-06-02 22:16:42', 219, 0, 0, 0, 9, 0, 9),
(699, '2017-06-02 22:16:42', 80, 0, 0, 0, 0, 0, 0),
(700, '2017-06-02 22:16:42', 79, 0, 0, 0, 0, 0, 0),
(701, '2017-06-02 22:16:42', 82, 0, 0, 0, 0, 0, 0),
(702, '2017-06-02 22:16:42', 81, 0, 0, 0, 0, 0, 0),
(703, '2017-06-02 22:16:42', 76, 0, 0, 0, 0, 0, 0),
(704, '2017-06-02 22:16:42', 75, 0, 0, 0, 0, 0, 0),
(705, '2017-06-02 22:16:42', 78, 0, 0, 0, 0, 0, 0),
(706, '2017-06-02 22:16:42', 77, 0, 0, 0, 0, 0, 0),
(707, '2017-06-02 22:16:42', 84, 0, 0, 0, 0, 0, 0),
(708, '2017-06-02 22:16:42', 83, 0, 0, 0, 0, 0, 0),
(709, '2017-06-02 22:16:42', 34, 0, 0, 0, 3, 0, 3),
(710, '2017-06-02 22:16:42', 35, 1, 0, 0, 3, 0, 4),
(711, '2017-06-02 22:16:42', 178, 0, 0, 0, 0, 0, 0),
(712, '2017-06-02 22:16:42', 177, 0, 0, 0, 0, 0, 0),
(713, '2017-06-02 22:16:42', 143, 0, 0, 0, 0, 0, 0),
(714, '2017-06-02 22:16:42', 191, 0, 0, 0, 1, 3, 4),
(715, '2017-06-02 22:16:42', 86, 1, 0, 0, 12, 0, 13),
(716, '2017-06-02 22:16:42', 226, 0, 0, 0, 0, 0, 0),
(717, '2017-06-02 22:16:42', 183, 0, 0, 0, 0, 34, 34),
(718, '2017-06-02 22:16:42', 188, 0, 0, 0, 0, 0, 0),
(719, '2017-06-02 22:16:42', 204, 0, 0, 0, 6, 0, 6),
(720, '2017-06-02 22:16:42', 161, 0, 0, 0, 0, 0, 0),
(721, '2017-06-02 22:16:42', 45, 0, 0, 0, 1, 0, 1),
(722, '2017-06-02 22:16:42', 107, 0, 0, 0, 0, 0, 0),
(723, '2017-06-02 22:16:42', 195, 0, 0, 0, 3, 0, 3),
(724, '2017-06-02 22:16:42', 18, 3, 0, 0, 2, 0, 5),
(725, '2017-06-02 22:16:42', 138, 5, 0, 0, 1, 0, 6),
(726, '2017-06-02 22:16:42', 50, 0, 0, 0, 8, 0, 8),
(727, '2017-06-02 22:16:42', 169, 0, 0, 0, 0, 0, 0),
(728, '2017-06-02 22:16:42', 190, 0, 0, 0, 0, 2, 2),
(729, '2017-06-02 22:16:42', 4, 1, 0, 0, 1, 0, 2),
(730, '2017-06-02 22:16:42', 17, 4, 0, 0, 0, 0, 4),
(731, '2017-06-02 22:16:42', 135, 1, 0, 0, 2, 0, 3),
(732, '2017-06-02 22:16:42', 141, 0, 0, 0, 0, 0, 0),
(733, '2017-06-02 22:16:42', 100, 0, 0, 0, 0, 0, 0),
(734, '2017-06-02 22:16:42', 179, 0, 0, 0, 0, 0, 0),
(735, '2017-06-02 22:16:42', 85, 15, 0, 0, 1, 0, 16),
(736, '2017-06-02 22:16:42', 92, 4, 0, 0, 2, 0, 6),
(737, '2017-06-02 22:16:42', 168, 0, 0, 0, 0, 0, 0),
(738, '2017-06-02 22:16:42', 125, 3, 0, 0, 0, 0, 3),
(739, '2017-06-02 22:16:42', 47, 1, 0, 0, 2, 0, 3),
(740, '2017-06-02 22:16:42', 36, 0, 0, 0, 1, 0, 1),
(741, '2017-06-02 22:16:42', 23, 67, 0, 20, 0, 0, 87),
(742, '2017-06-02 22:16:42', 25, 0, 0, 0, 0, 0, 0),
(743, '2017-06-02 22:16:42', 20, 0, 0, 0, 0, 0, 0),
(744, '2017-06-02 22:16:42', 42, 0, 0, 0, 1, 0, 1),
(745, '2017-06-02 22:16:42', 136, 0, 0, 0, 1, 0, 1),
(746, '2017-06-02 22:16:42', 142, 0, 0, 0, 0, 0, 0),
(747, '2017-06-02 22:16:42', 111, 11, 0, 0, 50, 0, 61),
(748, '2017-06-02 22:16:42', 24, 0, 0, 0, 90, 0, 90),
(749, '2017-06-02 22:16:42', 193, 0, 0, 0, 2, 0, 2),
(750, '2017-06-02 22:16:42', 230, 0, 0, 0, 0, 0, 0),
(751, '2017-06-02 22:16:42', 32, 2, 0, 0, 7, 0, 9),
(752, '2017-06-02 22:16:42', 214, 0, 0, 0, 0, 0, 0),
(753, '2017-06-02 22:16:42', 48, 22, 0, 0, 12, 0, 34),
(754, '2017-06-02 22:16:42', 150, 0, 0, 0, 0, 0, 0),
(755, '2017-06-02 22:16:42', 151, 0, 0, 0, 0, 0, 0),
(756, '2017-06-02 22:16:42', 37, 1, 0, 0, 11, 0, 12),
(757, '2017-06-02 22:16:42', 198, 0, 0, 0, 0, 0, 0),
(758, '2017-06-02 22:16:42', 215, 0, 0, 0, 6, 0, 6),
(759, '2017-06-02 22:16:42', 216, 0, 0, 0, 2, 0, 2),
(760, '2017-06-02 22:16:42', 154, 0, 0, 0, 0, 0, 0),
(761, '2017-06-02 22:16:42', 153, 0, 0, 0, 0, 0, 0),
(762, '2017-06-02 22:16:42', 39, 2, 0, 0, 0, 0, 2),
(763, '2017-06-02 22:16:42', 110, 15, 0, 0, 26, 0, 41),
(764, '2017-06-02 22:16:42', 93, 8, 0, 0, 0, 0, 8),
(765, '2017-06-02 22:16:42', 156, 0, 0, 0, 0, 0, 0),
(766, '2017-06-02 22:16:42', 213, 0, 0, 0, 4, 0, 4),
(767, '2017-06-02 22:16:42', 189, 0, 0, 0, 1, 3, 4),
(768, '2017-06-02 22:16:42', 200, 0, 0, 0, 1, 0, 1),
(769, '2017-06-02 22:16:42', 212, 0, 0, 0, 0, 0, 0),
(770, '2017-06-02 22:16:42', 211, 0, 0, 0, 2, 0, 2),
(771, '2017-06-02 22:16:42', 210, 0, 0, 0, 3, 0, 3),
(772, '2017-06-02 22:16:42', 146, 0, 0, 0, 0, 0, 0),
(773, '2017-06-02 22:16:42', 109, 5, 0, 0, 16, 0, 21),
(774, '2017-06-02 22:16:42', 112, 0, 0, 0, 2, 0, 2),
(775, '2017-06-02 22:16:42', 19, 2, 0, 0, 0, 0, 2),
(776, '2017-06-02 22:16:42', 106, 0, 0, 0, 8, 0, 8),
(777, '2017-06-02 22:16:42', 122, 12, 0, 0, 10, 0, 22),
(778, '2017-06-02 22:16:42', 103, 0, 0, 0, 16, 0, 16),
(779, '2017-06-02 22:16:42', 102, 0, 0, 0, 1, 0, 1),
(780, '2017-06-02 22:16:42', 170, 0, 0, 0, 0, 0, 0),
(781, '2017-06-02 22:16:42', 90, 15, 0, 0, 22, 0, 37),
(782, '2017-06-02 22:16:42', 222, 0, 0, 0, 0, 0, 0),
(783, '2017-06-02 22:16:42', 224, 0, 0, 0, 0, 0, 0),
(784, '2017-06-02 22:16:42', 225, 0, 0, 0, 0, 0, 0),
(785, '2017-06-02 22:16:42', 105, 1, 0, 0, 2, 0, 3),
(786, '2017-06-02 22:16:42', 41, 1, 0, 0, 0, 0, 1),
(787, '2017-06-02 22:16:42', 203, 0, 0, 0, 4, 0, 4),
(788, '2017-06-02 22:16:42', 49, 3, 0, 0, 0, 0, 3),
(789, '2017-06-02 22:16:42', 127, 4, 0, 0, 5, 0, 9),
(790, '2017-06-02 22:16:42', 128, 2, 0, 0, 4, 24, 30),
(791, '2017-06-02 22:16:42', 124, 3, 0, 0, 2, 0, 5),
(792, '2017-06-02 22:16:42', 46, 2, 0, 0, 2, 0, 4),
(793, '2017-06-02 22:16:42', 94, 0, 0, 0, 15, 0, 15),
(794, '2017-06-02 22:16:42', 62, 0, 0, 0, 0, 0, 0),
(795, '2017-06-02 22:16:42', 61, 0, 0, 0, 0, 0, 0),
(796, '2017-06-02 22:16:42', 157, 0, 0, 0, 0, 0, 0),
(797, '2017-06-02 22:16:42', 162, 0, 0, 0, 0, 0, 0),
(798, '2017-06-02 22:16:42', 114, 0, 0, 0, 0, 0, 0),
(799, '2017-06-02 22:16:42', 220, 0, 0, 0, 0, 0, 0),
(800, '2017-06-02 22:16:42', 228, 0, 0, 0, 0, 0, 0),
(801, '2017-06-02 22:16:42', 223, 0, 0, 0, 0, 0, 0),
(802, '2017-06-02 22:16:42', 221, 0, 0, 0, 0, 0, 0),
(803, '2017-06-02 22:16:42', 54, 0, 0, 0, 0, 0, 0),
(804, '2017-06-02 22:16:42', 57, 0, 0, 0, 0, 0, 0),
(805, '2017-06-02 22:16:42', 30, 7, 0, 0, 0, 0, 7),
(806, '2017-06-02 22:16:42', 149, 0, 0, 0, 0, 0, 0),
(807, '2017-06-02 22:16:42', 148, 0, 0, 0, 0, 0, 0),
(808, '2017-06-02 22:16:42', 229, 0, 0, 0, 0, 0, 0),
(809, '2017-06-02 22:16:42', 21, 0, 0, 0, 0, 0, 0),
(810, '2017-06-02 22:16:42', 163, 0, 0, 0, 0, 0, 0),
(811, '2017-06-02 22:16:42', 186, 0, 0, 0, 0, 0, 0),
(812, '2017-06-02 22:16:42', 184, 0, 0, 0, 0, 0, 0),
(813, '2017-06-02 22:16:42', 185, 0, 0, 0, 0, 0, 0),
(814, '2017-06-02 22:16:42', 187, 0, 0, 0, 0, 0, 0),
(815, '2017-06-02 22:16:42', 88, 2, 0, 0, 5, 0, 7),
(816, '2017-06-02 22:16:42', 158, 0, 0, 0, 0, 0, 0),
(817, '2017-06-02 22:16:42', 202, 0, 0, 0, 2, 0, 2),
(818, '2017-06-02 22:16:42', 123, 2, 0, 0, 1, 0, 3),
(819, '2017-06-02 22:16:42', 194, 0, 0, 0, 3, 0, 3),
(820, '2017-06-02 22:16:42', 97, 12, 0, 0, 5, 0, 17),
(821, '2017-06-02 22:16:42', 89, 0, 0, 0, 22, 0, 22),
(822, '2017-06-02 22:16:42', 33, 1, 0, 0, 1, 0, 2),
(823, '2017-06-02 22:16:42', 199, 0, 0, 0, 0, 0, 0),
(824, '2017-06-02 22:16:42', 129, 2, 0, 0, 2, 0, 4),
(825, '2017-06-02 22:16:42', 131, 2, 0, 0, 3, 0, 5),
(826, '2017-06-02 22:16:42', 130, 4, 0, 0, 3, 0, 7),
(827, '2017-06-02 22:16:42', 173, 0, 0, 0, 0, 0, 0),
(828, '2017-06-02 22:16:42', 175, 0, 0, 0, 0, 0, 0),
(829, '2017-06-02 22:16:42', 174, 0, 0, 0, 0, 0, 0),
(830, '2017-06-02 22:16:42', 176, 0, 0, 0, 0, 0, 0),
(831, '2017-06-02 22:16:42', 197, 0, 0, 0, 3, 0, 3),
(832, '2017-06-02 22:16:42', 208, 0, 0, 0, 5, 0, 5),
(833, '2017-06-03 01:05:26', 91, 0, 0, 0, 0, 0, 0),
(834, '2017-06-03 01:05:26', 140, 0, 0, 0, 30, 0, 30),
(835, '2017-06-03 01:05:26', 139, 0, 0, 0, 5, 0, 5),
(836, '2017-06-03 01:05:26', 133, 1, 0, 0, 1, 0, 2),
(837, '2017-06-03 01:05:26', 132, 0, 0, 0, 1, 0, 1),
(838, '2017-06-03 01:05:26', 217, 0, 0, 0, 0, 0, 0),
(839, '2017-06-03 01:05:26', 144, 0, 0, 0, 2, 0, 2),
(840, '2017-06-03 01:05:26', 60, 0, 0, 0, 0, 0, 0),
(841, '2017-06-03 01:05:26', 59, 0, 0, 0, 0, 0, 0),
(842, '2017-06-03 01:05:26', 155, 0, 0, 0, 0, 0, 0),
(843, '2017-06-03 01:05:26', 99, 0, 0, 0, 0, 0, 0),
(844, '2017-06-03 01:05:26', 119, 4, 0, 0, 4, 0, 8),
(845, '2017-06-03 01:05:26', 207, 0, 0, 0, 0, 0, 0),
(846, '2017-06-03 01:05:26', 95, 0, 0, 0, 1, 0, 1),
(847, '2017-06-03 01:05:26', 63, 0, 0, 0, 0, 0, 0),
(848, '2017-06-03 01:05:26', 68, 0, 0, 0, 0, 0, 0),
(849, '2017-06-03 01:05:26', 64, 0, 0, 0, 0, 0, 0),
(850, '2017-06-03 01:05:26', 67, 0, 0, 0, 0, 0, 0),
(851, '2017-06-03 01:05:26', 65, 0, 0, 0, 0, 0, 0),
(852, '2017-06-03 01:05:26', 66, 0, 0, 0, 0, 0, 0),
(853, '2017-06-03 01:05:26', 134, 0, 0, 0, 7, 0, 7),
(854, '2017-06-03 01:05:26', 118, 0, 0, 0, 17, 0, 17),
(855, '2017-06-03 01:05:26', 145, 0, 0, 0, 11, 0, 11),
(856, '2017-06-03 01:05:26', 126, 10, 0, 0, 6, 10, 26),
(857, '2017-06-03 01:05:26', 166, 0, 0, 0, 0, 0, 0),
(858, '2017-06-03 01:05:26', 104, 0, 0, 0, 1, 0, 1),
(859, '2017-06-03 01:05:26', 196, 0, 0, 0, 2, 0, 2),
(860, '2017-06-03 01:05:26', 98, 0, 0, 0, 0, 0, 0),
(861, '2017-06-03 01:05:26', 209, 0, 0, 0, 3, 0, 3),
(862, '2017-06-03 01:05:26', 108, 0, 0, 0, 0, 0, 0),
(863, '2017-06-03 01:05:26', 22, 0, 0, 0, 0, 0, 0),
(864, '2017-06-03 01:05:26', 38, 6, 0, 0, 15, 0, 21),
(865, '2017-06-03 01:05:26', 113, 0, 0, 0, 2, 0, 2),
(866, '2017-06-03 01:05:26', 206, 0, 0, 0, 0, 0, 0),
(867, '2017-06-03 01:05:26', 159, 0, 0, 0, 0, 0, 0),
(868, '2017-06-03 01:05:26', 152, 0, 0, 0, 0, 0, 0),
(869, '2017-06-03 01:05:26', 69, 0, 0, 0, 0, 0, 0),
(870, '2017-06-03 01:05:26', 71, 0, 0, 0, 0, 0, 0),
(871, '2017-06-03 01:05:26', 70, 0, 0, 0, 0, 0, 0),
(872, '2017-06-03 01:05:26', 165, 0, 0, 0, 0, 0, 0),
(873, '2017-06-03 01:05:26', 164, 0, 0, 0, 0, 0, 0),
(874, '2017-06-03 01:05:26', 87, 0, 0, 0, 0, 0, 0),
(875, '2017-06-03 01:05:26', 96, 0, 0, 0, 0, 0, 0),
(876, '2017-06-03 01:05:26', 227, 0, 0, 0, 0, 0, 0),
(877, '2017-06-03 01:05:26', 115, 0, 0, 0, 2, 0, 2),
(878, '2017-06-03 01:05:26', 3, 2, 0, 0, 1, 0, 3),
(879, '2017-06-03 01:05:26', 51, 1, 0, 0, 0, 0, 1),
(880, '2017-06-03 01:05:26', 147, 0, 0, 0, 0, 0, 0),
(881, '2017-06-03 01:05:26', 218, 0, 0, 0, 4, 0, 4),
(882, '2017-06-03 01:05:26', 117, 6, 0, 0, 3, 0, 9),
(883, '2017-06-03 01:05:26', 201, 0, 0, 0, 200, 0, 200),
(884, '2017-06-03 01:05:26', 160, 0, 0, 0, 0, 0, 0),
(885, '2017-06-03 01:05:26', 116, 6, 0, 0, 5, 24, 35),
(886, '2017-06-03 01:05:26', 182, 0, 0, 0, 0, 0, 0),
(887, '2017-06-03 01:05:26', 181, 0, 0, 0, 0, 0, 0),
(888, '2017-06-03 01:05:26', 53, 0, 0, 0, 0, 0, 0),
(889, '2017-06-03 01:05:26', 55, 0, 0, 0, 0, 0, 0),
(890, '2017-06-03 01:05:26', 56, 0, 0, 0, 0, 0, 0),
(891, '2017-06-03 01:05:26', 205, 0, 0, 0, 0, 0, 0),
(892, '2017-06-03 01:05:26', 101, 0, 0, 0, 10, 0, 10),
(893, '2017-06-03 01:05:26', 180, 0, 0, 0, 0, 0, 0),
(894, '2017-06-03 01:05:26', 172, 0, 0, 0, 0, 0, 0),
(895, '2017-06-03 01:05:26', 171, 0, 0, 0, 0, 0, 0),
(896, '2017-06-03 01:05:26', 120, 0, 0, 0, 0, 0, 0),
(897, '2017-06-03 01:05:26', 121, 5, 0, 0, 3, 0, 8),
(898, '2017-06-03 01:05:26', 167, 0, 0, 0, 0, 0, 0),
(899, '2017-06-03 01:05:26', 58, 0, 0, 0, 0, 0, 0),
(900, '2017-06-03 01:05:26', 40, 0, 0, 0, 1, 0, 1),
(901, '2017-06-03 01:05:26', 192, 0, 0, 0, 0, 0, 0),
(902, '2017-06-03 01:05:26', 137, 10, 0, 0, 1, 0, 11),
(903, '2017-06-03 01:05:26', 73, 0, 0, 0, 0, 0, 0),
(904, '2017-06-03 01:05:26', 74, 0, 0, 0, 0, 0, 0),
(905, '2017-06-03 01:05:26', 72, 0, 0, 0, 0, 0, 0),
(906, '2017-06-03 01:05:26', 219, 0, 0, 0, 9, 0, 9),
(907, '2017-06-03 01:05:26', 80, 0, 0, 0, 0, 0, 0),
(908, '2017-06-03 01:05:26', 79, 0, 0, 0, 0, 0, 0),
(909, '2017-06-03 01:05:26', 82, 0, 0, 0, 0, 0, 0),
(910, '2017-06-03 01:05:26', 81, 0, 0, 0, 0, 0, 0),
(911, '2017-06-03 01:05:26', 76, 0, 0, 0, 0, 0, 0),
(912, '2017-06-03 01:05:26', 75, 0, 0, 0, 0, 0, 0),
(913, '2017-06-03 01:05:26', 78, 0, 0, 0, 0, 0, 0),
(914, '2017-06-03 01:05:26', 77, 0, 0, 0, 0, 0, 0),
(915, '2017-06-03 01:05:26', 84, 0, 0, 0, 0, 0, 0),
(916, '2017-06-03 01:05:26', 83, 0, 0, 0, 0, 0, 0),
(917, '2017-06-03 01:05:26', 34, 0, 0, 0, 3, 0, 3),
(918, '2017-06-03 01:05:26', 35, 1, 0, 0, 3, 0, 4),
(919, '2017-06-03 01:05:26', 178, 0, 0, 0, 0, 0, 0),
(920, '2017-06-03 01:05:26', 177, 0, 0, 0, 0, 0, 0),
(921, '2017-06-03 01:05:26', 143, 0, 0, 0, 0, 0, 0),
(922, '2017-06-03 01:05:26', 191, 0, 0, 0, 1, 3, 4),
(923, '2017-06-03 01:05:26', 86, 1, 0, 0, 12, 0, 13),
(924, '2017-06-03 01:05:26', 226, 0, 0, 0, 0, 0, 0),
(925, '2017-06-03 01:05:26', 183, 0, 0, 0, 0, 34, 34),
(926, '2017-06-03 01:05:26', 188, 0, 0, 0, 0, 0, 0),
(927, '2017-06-03 01:05:26', 204, 0, 0, 0, 6, 0, 6),
(928, '2017-06-03 01:05:26', 161, 0, 0, 0, 0, 0, 0),
(929, '2017-06-03 01:05:26', 45, 0, 0, 0, 1, 0, 1),
(930, '2017-06-03 01:05:26', 107, 0, 0, 0, 0, 0, 0),
(931, '2017-06-03 01:05:26', 195, 0, 0, 0, 3, 0, 3),
(932, '2017-06-03 01:05:26', 18, 3, 0, 0, 2, 0, 5),
(933, '2017-06-03 01:05:26', 138, 5, 0, 0, 1, 0, 6),
(934, '2017-06-03 01:05:26', 50, 0, 0, 0, 8, 0, 8),
(935, '2017-06-03 01:05:26', 169, 0, 0, 0, 0, 0, 0),
(936, '2017-06-03 01:05:26', 190, 0, 0, 0, 0, 2, 2),
(937, '2017-06-03 01:05:26', 4, 1, 0, 0, 1, 0, 2),
(938, '2017-06-03 01:05:26', 17, 4, 0, 0, 0, 0, 4),
(939, '2017-06-03 01:05:26', 135, 1, 0, 0, 2, 0, 3),
(940, '2017-06-03 01:05:26', 141, 0, 0, 0, 0, 0, 0),
(941, '2017-06-03 01:05:26', 100, 0, 0, 0, 0, 0, 0),
(942, '2017-06-03 01:05:26', 179, 0, 0, 0, 0, 0, 0),
(943, '2017-06-03 01:05:26', 85, 15, 0, 0, 1, 0, 16),
(944, '2017-06-03 01:05:26', 92, 4, 0, 0, 2, 0, 6),
(945, '2017-06-03 01:05:26', 168, 0, 0, 0, 0, 0, 0),
(946, '2017-06-03 01:05:26', 125, 3, 0, 0, 0, 0, 3),
(947, '2017-06-03 01:05:26', 47, 1, 0, 0, 2, 0, 3),
(948, '2017-06-03 01:05:26', 36, 0, 0, 0, 1, 0, 1),
(949, '2017-06-03 01:05:26', 23, 67, 0, 20, 0, 0, 87),
(950, '2017-06-03 01:05:26', 25, 0, 0, 0, 0, 0, 0),
(951, '2017-06-03 01:05:26', 20, 0, 0, 0, 0, 0, 0),
(952, '2017-06-03 01:05:26', 42, 0, 0, 0, 1, 0, 1),
(953, '2017-06-03 01:05:26', 136, 0, 0, 0, 1, 0, 1),
(954, '2017-06-03 01:05:26', 142, 0, 0, 0, 0, 0, 0),
(955, '2017-06-03 01:05:26', 111, 11, 0, 0, 50, 0, 61),
(956, '2017-06-03 01:05:26', 24, 0, 0, 0, 90, 0, 90),
(957, '2017-06-03 01:05:26', 193, 0, 0, 0, 2, 0, 2),
(958, '2017-06-03 01:05:26', 230, 0, 0, 0, 0, 0, 0),
(959, '2017-06-03 01:05:26', 32, 2, 0, 0, 7, 0, 9),
(960, '2017-06-03 01:05:26', 214, 0, 0, 0, 0, 0, 0),
(961, '2017-06-03 01:05:26', 48, 22, 0, 0, 12, 0, 34),
(962, '2017-06-03 01:05:26', 150, 0, 0, 0, 0, 0, 0),
(963, '2017-06-03 01:05:26', 151, 0, 0, 0, 0, 0, 0),
(964, '2017-06-03 01:05:26', 37, 1, 0, 0, 11, 0, 12),
(965, '2017-06-03 01:05:26', 198, 0, 0, 0, 0, 0, 0),
(966, '2017-06-03 01:05:26', 215, 0, 0, 0, 6, 0, 6),
(967, '2017-06-03 01:05:26', 216, 0, 0, 0, 2, 0, 2),
(968, '2017-06-03 01:05:26', 154, 0, 0, 0, 0, 0, 0),
(969, '2017-06-03 01:05:26', 153, 0, 0, 0, 0, 0, 0),
(970, '2017-06-03 01:05:26', 39, 2, 0, 0, 0, 0, 2),
(971, '2017-06-03 01:05:26', 110, 15, 0, 0, 26, 0, 41),
(972, '2017-06-03 01:05:26', 93, 8, 0, 0, 0, 0, 8),
(973, '2017-06-03 01:05:26', 156, 0, 0, 0, 0, 0, 0),
(974, '2017-06-03 01:05:26', 213, 0, 0, 0, 4, 0, 4),
(975, '2017-06-03 01:05:26', 189, 0, 0, 0, 1, 3, 4),
(976, '2017-06-03 01:05:26', 200, 0, 0, 0, 1, 0, 1),
(977, '2017-06-03 01:05:26', 212, 0, 0, 0, 0, 0, 0),
(978, '2017-06-03 01:05:26', 211, 0, 0, 0, 2, 0, 2),
(979, '2017-06-03 01:05:26', 210, 0, 0, 0, 3, 0, 3),
(980, '2017-06-03 01:05:26', 146, 0, 0, 0, 0, 0, 0),
(981, '2017-06-03 01:05:26', 109, 5, 0, 0, 16, 0, 21);
INSERT INTO `stock_registro` (`stock_registro_id`, `stock_registro_fecha`, `prod_id`, `n943`, `estacion`, `plaza`, `hj`, `deposito`, `total`) VALUES
(982, '2017-06-03 01:05:26', 112, 0, 0, 0, 2, 0, 2),
(983, '2017-06-03 01:05:26', 19, 2, 0, 0, 0, 0, 2),
(984, '2017-06-03 01:05:26', 106, 0, 0, 0, 8, 0, 8),
(985, '2017-06-03 01:05:26', 122, 12, 0, 0, 10, 0, 22),
(986, '2017-06-03 01:05:26', 103, 0, 0, 0, 16, 0, 16),
(987, '2017-06-03 01:05:26', 102, 0, 0, 0, 1, 0, 1),
(988, '2017-06-03 01:05:26', 170, 0, 0, 0, 0, 0, 0),
(989, '2017-06-03 01:05:26', 90, 15, 0, 0, 22, 0, 37),
(990, '2017-06-03 01:05:26', 222, 0, 0, 0, 0, 0, 0),
(991, '2017-06-03 01:05:26', 224, 0, 0, 0, 0, 0, 0),
(992, '2017-06-03 01:05:26', 225, 0, 0, 0, 0, 0, 0),
(993, '2017-06-03 01:05:26', 105, 1, 0, 0, 2, 0, 3),
(994, '2017-06-03 01:05:26', 41, 1, 0, 0, 0, 0, 1),
(995, '2017-06-03 01:05:26', 203, 0, 0, 0, 4, 0, 4),
(996, '2017-06-03 01:05:26', 49, 3, 0, 0, 0, 0, 3),
(997, '2017-06-03 01:05:26', 127, 4, 0, 0, 5, 0, 9),
(998, '2017-06-03 01:05:26', 128, 2, 0, 0, 4, 24, 30),
(999, '2017-06-03 01:05:26', 124, 3, 0, 0, 2, 0, 5),
(1000, '2017-06-03 01:05:26', 46, 2, 0, 0, 2, 0, 4),
(1001, '2017-06-03 01:05:26', 94, 0, 0, 0, 15, 0, 15),
(1002, '2017-06-03 01:05:26', 62, 0, 0, 0, 0, 0, 0),
(1003, '2017-06-03 01:05:26', 61, 0, 0, 0, 0, 0, 0),
(1004, '2017-06-03 01:05:26', 157, 0, 0, 0, 0, 0, 0),
(1005, '2017-06-03 01:05:26', 162, 0, 0, 0, 0, 0, 0),
(1006, '2017-06-03 01:05:26', 114, 0, 0, 0, 0, 0, 0),
(1007, '2017-06-03 01:05:26', 220, 0, 0, 0, 0, 0, 0),
(1008, '2017-06-03 01:05:26', 228, 0, 0, 0, 0, 0, 0),
(1009, '2017-06-03 01:05:26', 223, 0, 0, 0, 0, 0, 0),
(1010, '2017-06-03 01:05:26', 221, 0, 0, 0, 0, 0, 0),
(1011, '2017-06-03 01:05:26', 54, 0, 0, 0, 0, 0, 0),
(1012, '2017-06-03 01:05:26', 57, 0, 0, 0, 0, 0, 0),
(1013, '2017-06-03 01:05:26', 30, 7, 0, 0, 0, 0, 7),
(1014, '2017-06-03 01:05:26', 149, 0, 0, 0, 0, 0, 0),
(1015, '2017-06-03 01:05:26', 148, 0, 0, 0, 0, 0, 0),
(1016, '2017-06-03 01:05:26', 229, 0, 0, 0, 0, 0, 0),
(1017, '2017-06-03 01:05:26', 21, 0, 0, 0, 0, 0, 0),
(1018, '2017-06-03 01:05:26', 163, 0, 0, 0, 0, 0, 0),
(1019, '2017-06-03 01:05:26', 186, 0, 0, 0, 0, 0, 0),
(1020, '2017-06-03 01:05:26', 184, 0, 0, 0, 0, 0, 0),
(1021, '2017-06-03 01:05:26', 185, 0, 0, 0, 0, 0, 0),
(1022, '2017-06-03 01:05:26', 187, 0, 0, 0, 0, 0, 0),
(1023, '2017-06-03 01:05:26', 88, 2, 0, 0, 5, 0, 7),
(1024, '2017-06-03 01:05:26', 158, 0, 0, 0, 0, 0, 0),
(1025, '2017-06-03 01:05:26', 202, 0, 0, 0, 2, 0, 2),
(1026, '2017-06-03 01:05:26', 123, 2, 0, 0, 1, 0, 3),
(1027, '2017-06-03 01:05:26', 194, 0, 0, 0, 3, 0, 3),
(1028, '2017-06-03 01:05:26', 97, 12, 0, 0, 5, 0, 17),
(1029, '2017-06-03 01:05:26', 89, 0, 0, 0, 22, 0, 22),
(1030, '2017-06-03 01:05:26', 33, 1, 0, 0, 1, 0, 2),
(1031, '2017-06-03 01:05:26', 199, 0, 0, 0, 0, 0, 0),
(1032, '2017-06-03 01:05:26', 129, 2, 0, 0, 2, 0, 4),
(1033, '2017-06-03 01:05:26', 131, 2, 0, 0, 3, 0, 5),
(1034, '2017-06-03 01:05:26', 130, 4, 0, 0, 3, 0, 7),
(1035, '2017-06-03 01:05:26', 173, 0, 0, 0, 0, 0, 0),
(1036, '2017-06-03 01:05:26', 175, 0, 0, 0, 0, 0, 0),
(1037, '2017-06-03 01:05:26', 174, 0, 0, 0, 0, 0, 0),
(1038, '2017-06-03 01:05:26', 176, 0, 0, 0, 0, 0, 0),
(1039, '2017-06-03 01:05:26', 197, 0, 0, 0, 3, 0, 3),
(1040, '2017-06-03 01:05:26', 208, 0, 0, 0, 5, 0, 5);

-- --------------------------------------------------------

--
-- Estructura de tabla para la tabla `tipo_permiso`
--

CREATE TABLE `tipo_permiso` (
  `tipo_perm_id` int(11) NOT NULL,
  `tipo_perm_nomb` varchar(50) NOT NULL
) ENGINE=MyISAM DEFAULT CHARSET=latin1;

--
-- Volcado de datos para la tabla `tipo_permiso`
--

INSERT INTO `tipo_permiso` (`tipo_perm_id`, `tipo_perm_nomb`) VALUES
(1, 'admin'),
(2, 'encargado');

-- --------------------------------------------------------

--
-- Estructura de tabla para la tabla `usuario`
--

CREATE TABLE `usuario` (
  `usua_id` int(8) NOT NULL,
  `usua_nomb` varchar(50) NOT NULL,
  `usua_pass` varchar(8) NOT NULL
) ENGINE=MyISAM DEFAULT CHARSET=latin1;

--
-- Volcado de datos para la tabla `usuario`
--

INSERT INTO `usuario` (`usua_id`, `usua_nomb`, `usua_pass`) VALUES
(10, 'deposito', '123456'),
(3, 'mjose', '123456'),
(4, 'leo', '123456'),
(5, 'claudio', '123456'),
(6, 'nueve43', '123456'),
(7, 'howard', '123456'),
(8, 'estacion', '123456'),
(9, 'plaza', '123456');

--
-- Índices para tablas volcadas
--

--
-- Indices de la tabla `detalle_ingreso`
--
ALTER TABLE `detalle_ingreso`
  ADD PRIMARY KEY (`deta_ingr_id`);

--
-- Indices de la tabla `detalle_pedido`
--
ALTER TABLE `detalle_pedido`
  ADD PRIMARY KEY (`deta_pedi_id`);

--
-- Indices de la tabla `detalle_permiso`
--
ALTER TABLE `detalle_permiso`
  ADD PRIMARY KEY (`perm_deta_id`),
  ADD KEY `luga_id` (`luga_id`),
  ADD KEY `usua_id` (`usua_id`),
  ADD KEY `tipo_perm_id` (`tipo_perm_id`);

--
-- Indices de la tabla `estado_pedido`
--
ALTER TABLE `estado_pedido`
  ADD PRIMARY KEY (`esta_pedi_id`);

--
-- Indices de la tabla `ingreso`
--
ALTER TABLE `ingreso`
  ADD PRIMARY KEY (`ingr_id`);

--
-- Indices de la tabla `lugar`
--
ALTER TABLE `lugar`
  ADD PRIMARY KEY (`luga_id`);

--
-- Indices de la tabla `pedido`
--
ALTER TABLE `pedido`
  ADD PRIMARY KEY (`pedi_id`);

--
-- Indices de la tabla `producto`
--
ALTER TABLE `producto`
  ADD PRIMARY KEY (`prod_id`);

--
-- Indices de la tabla `producto_categoria`
--
ALTER TABLE `producto_categoria`
  ADD PRIMARY KEY (`prod_cate_id`);

--
-- Indices de la tabla `stock`
--
ALTER TABLE `stock`
  ADD PRIMARY KEY (`stoc_id`);

--
-- Indices de la tabla `stock_registro`
--
ALTER TABLE `stock_registro`
  ADD PRIMARY KEY (`stock_registro_id`),
  ADD KEY `prod_id` (`prod_id`);

--
-- Indices de la tabla `tipo_permiso`
--
ALTER TABLE `tipo_permiso`
  ADD PRIMARY KEY (`tipo_perm_id`);

--
-- Indices de la tabla `usuario`
--
ALTER TABLE `usuario`
  ADD PRIMARY KEY (`usua_id`);

--
-- AUTO_INCREMENT de las tablas volcadas
--

--
-- AUTO_INCREMENT de la tabla `detalle_ingreso`
--
ALTER TABLE `detalle_ingreso`
  MODIFY `deta_ingr_id` int(8) NOT NULL AUTO_INCREMENT, AUTO_INCREMENT=3;
--
-- AUTO_INCREMENT de la tabla `detalle_pedido`
--
ALTER TABLE `detalle_pedido`
  MODIFY `deta_pedi_id` int(8) NOT NULL AUTO_INCREMENT, AUTO_INCREMENT=28;
--
-- AUTO_INCREMENT de la tabla `detalle_permiso`
--
ALTER TABLE `detalle_permiso`
  MODIFY `perm_deta_id` int(8) NOT NULL AUTO_INCREMENT, AUTO_INCREMENT=29;
--
-- AUTO_INCREMENT de la tabla `estado_pedido`
--
ALTER TABLE `estado_pedido`
  MODIFY `esta_pedi_id` int(8) NOT NULL AUTO_INCREMENT, AUTO_INCREMENT=7;
--
-- AUTO_INCREMENT de la tabla `ingreso`
--
ALTER TABLE `ingreso`
  MODIFY `ingr_id` int(8) NOT NULL AUTO_INCREMENT, AUTO_INCREMENT=6;
--
-- AUTO_INCREMENT de la tabla `lugar`
--
ALTER TABLE `lugar`
  MODIFY `luga_id` int(8) NOT NULL AUTO_INCREMENT, AUTO_INCREMENT=10;
--
-- AUTO_INCREMENT de la tabla `pedido`
--
ALTER TABLE `pedido`
  MODIFY `pedi_id` int(8) NOT NULL AUTO_INCREMENT, AUTO_INCREMENT=31;
--
-- AUTO_INCREMENT de la tabla `producto`
--
ALTER TABLE `producto`
  MODIFY `prod_id` int(8) NOT NULL AUTO_INCREMENT, AUTO_INCREMENT=231;
--
-- AUTO_INCREMENT de la tabla `producto_categoria`
--
ALTER TABLE `producto_categoria`
  MODIFY `prod_cate_id` int(8) NOT NULL AUTO_INCREMENT, AUTO_INCREMENT=14;
--
-- AUTO_INCREMENT de la tabla `stock`
--
ALTER TABLE `stock`
  MODIFY `stoc_id` int(8) NOT NULL AUTO_INCREMENT, AUTO_INCREMENT=245;
--
-- AUTO_INCREMENT de la tabla `stock_registro`
--
ALTER TABLE `stock_registro`
  MODIFY `stock_registro_id` int(11) NOT NULL AUTO_INCREMENT, AUTO_INCREMENT=1041;
--
-- AUTO_INCREMENT de la tabla `tipo_permiso`
--
ALTER TABLE `tipo_permiso`
  MODIFY `tipo_perm_id` int(11) NOT NULL AUTO_INCREMENT, AUTO_INCREMENT=3;
--
-- AUTO_INCREMENT de la tabla `usuario`
--
ALTER TABLE `usuario`
  MODIFY `usua_id` int(8) NOT NULL AUTO_INCREMENT, AUTO_INCREMENT=11;
/*!40101 SET CHARACTER_SET_CLIENT=@OLD_CHARACTER_SET_CLIENT */;
/*!40101 SET CHARACTER_SET_RESULTS=@OLD_CHARACTER_SET_RESULTS */;
/*!40101 SET COLLATION_CONNECTION=@OLD_COLLATION_CONNECTION */;
